id,timepoint,cell_type
cell_1,0,regular
cell_2,1,regular
cell_3,2,regular
cell_4,3,regular
cell_5,4,regular
cell_6,5,regular
cell_7,6,regular
cell_8,7,regular
cell_9,8,regular
cell_10,9,regular
cell_11,0,regular
cell_12,1,regular
cell_13,2,regular
cell_14,3,regular
cell_15,4,regular
cell_16,5,regular
cell_17,6,regular
cell_18,7,regular
cell_19,8,regular
cell_20,9,regular
cell_21,0,regular
cell_22,1,regular
cell_23,2,regular
cell_24,3,regular
cell_25,4,regular
cell_26,5,regular
cell_27,6,regular
cell_28,7,regular
cell_29,8,regular
cell_30,9,regular
cell_31,0,regular
cell_32,1,regular
cell_33,2,regular
cell_34,3,regular
cell_35,4,regular
cell_36,5,regular
cell_37,6,regular
cell_38,7,regular
cell_39,8,regular
cell_40,9,regular
cell_41,0,regular
cell_42,1,regular
cell_43,2,regular
cell_44,3,regular
cell_45,4,regular
cell_46,5,regular
cell_47,6,regular
cell_48,7,regular
cell_49,8,regular
cell_50,9,regular
cell_51,0,regular
cell_52,1,regular
cell_53,2,regular
cell_54,3,regular
cell_55,4,regular
cell_56,5,regular
cell_57,6,regular
cell_58,7,regular
cell_59,8,regular
cell_60,9,regular
cell_61,0,regular
cell_62,1,regular
cell_63,2,regular
cell_64,3,regular
cell_65,4,regular
cell_66,5,regular
cell_67,6,regular
cell_68,7,regular
cell_69,8,regular
cell_70,9,regular
cell_71,0,regular
cell_72,1,regular
cell_73,2,regular
cell_74,3,regular
cell_75,4,regular
cell_76,5,regular
cell_77,6,regular
cell_78,7,regular
cell_79,8,regular
cell_80,9,regular
cell_81,0,regular
cell_82,1,regular
cell_83,2,regular
cell_84,3,regular
cell_85,4,regular
cell_86,5,regular
cell_87,6,regular
cell_88,7,regular
cell_89,8,regular
cell_90,9,regular
cell_91,0,regular
cell_92,1,regular
cell_93,2,regular
cell_94,3,regular
cell_95,4,regular
cell_96,5,regular
cell_97,6,regular
cell_98,7,regular
cell_99,8,regular
cell_100,9,regular
cell_101,0,regular
cell_102,1,regular
cell_103,2,regular
cell_104,3,regular
cell_105,4,regular
cell_106,5,regular
cell_107,6,regular
cell_108,7,regular
cell_109,8,regular
cell_110,9,regular
cell_111,0,regular
cell_112,1,regular
cell_113,2,regular
cell_114,3,regular
cell_115,4,regular
cell_116,5,regular
cell_117,6,regular
cell_118,7,regular
cell_119,8,regular
cell_120,9,regular
cell_121,0,regular
cell_122,1,regular
cell_123,2,regular
cell_124,3,regular
cell_125,4,regular
cell_126,5,regular
cell_127,6,regular
cell_128,7,regular
cell_129,8,regular
cell_130,9,regular
cell_131,0,regular
cell_132,1,regular
cell_133,2,regular
cell_134,3,regular
cell_135,4,regular
cell_136,5,regular
cell_137,6,regular
cell_138,7,regular
cell_139,8,regular
cell_140,9,regular
cell_141,0,regular
cell_142,1,regular
cell_143,2,regular
cell_144,3,regular
cell_145,4,regular
cell_146,5,regular
cell_147,6,regular
cell_148,7,regular
cell_149,8,regular
cell_150,9,regular
cell_151,0,regular
cell_152,1,regular
cell_153,2,regular
cell_154,3,regular
cell_155,4,regular
cell_156,5,regular
cell_157,6,regular
cell_158,7,regular
cell_159,8,regular
cell_160,9,regular
cell_161,0,regular
cell_162,1,regular
cell_163,2,regular
cell_164,3,regular
cell_165,4,regular
cell_166,5,regular
cell_167,6,regular
cell_168,7,regular
cell_169,8,regular
cell_170,9,regular
cell_171,0,regular
cell_172,1,regular
cell_173,2,regular
cell_174,3,regular
cell_175,4,regular
cell_176,5,regular
cell_177,6,regular
cell_178,7,regular
cell_179,8,regular
cell_180,9,regular
cell_181,0,regular
cell_182,1,regular
cell_183,2,regular
cell_184,3,regular
cell_185,4,regular
cell_186,5,regular
cell_187,6,regular
cell_188,7,regular
cell_189,8,regular
cell_190,9,regular
cell_191,0,regular
cell_192,1,regular
cell_193,2,regular
cell_194,3,regular
cell_195,4,regular
cell_196,5,regular
cell_197,6,regular
cell_198,7,regular
cell_199,8,regular
cell_200,9,regular
cell_201,0,regular
cell_202,1,regular
cell_203,2,regular
cell_204,3,regular
cell_205,4,regular
cell_206,5,regular
cell_207,6,regular
cell_208,7,regular
cell_209,8,regular
cell_210,9,regular
cell_211,0,regular
cell_212,1,regular
cell_213,2,regular
cell_214,3,regular
cell_215,4,regular
cell_216,5,regular
cell_217,6,regular
cell_218,7,regular
cell_219,8,regular
cell_220,9,regular
cell_221,0,regular
cell_222,1,regular
cell_223,2,regular
cell_224,3,regular
cell_225,4,regular
cell_226,5,regular
cell_227,6,regular
cell_228,7,regular
cell_229,8,regular
cell_230,9,regular
cell_231,0,regular
cell_232,1,regular
cell_233,2,regular
cell_234,3,regular
cell_235,4,regular
cell_236,5,regular
cell_237,6,regular
cell_238,7,regular
cell_239,8,regular
cell_240,9,regular
cell_241,0,regular
cell_242,1,regular
cell_243,2,regular
cell_244,3,regular
cell_245,4,regular
cell_246,5,regular
cell_247,6,regular
cell_248,7,regular
cell_249,8,regular
cell_250,9,regular
cell_251,0,regular
cell_252,1,regular
cell_253,2,regular
cell_254,3,regular
cell_255,4,regular
cell_256,5,regular
cell_257,6,regular
cell_258,7,regular
cell_259,8,regular
cell_260,9,regular
cell_261,0,regular
cell_262,1,regular
cell_263,2,regular
cell_264,3,regular
cell_265,4,regular
cell_266,5,regular
cell_267,6,regular
cell_268,7,regular
cell_269,8,regular
cell_270,9,regular
cell_271,0,regular
cell_272,1,regular
cell_273,2,regular
cell_274,3,regular
cell_275,4,regular
cell_276,5,regular
cell_277,6,regular
cell_278,7,regular
cell_279,8,regular
cell_280,9,regular
cell_281,0,regular
cell_282,1,regular
cell_283,2,regular
cell_284,3,regular
cell_285,4,regular
cell_286,5,regular
cell_287,6,regular
cell_288,7,regular
cell_289,8,regular
cell_290,9,regular
cell_291,0,regular
cell_292,1,regular
cell_293,2,regular
cell_294,3,regular
cell_295,4,regular
cell_296,5,regular
cell_297,6,regular
cell_298,7,regular
cell_299,8,regular
cell_300,9,regular
cell_301,0,regular
cell_302,1,regular
cell_303,2,regular
cell_304,3,regular
cell_305,4,regular
cell_306,5,regular
cell_307,6,regular
cell_308,7,regular
cell_309,8,regular
cell_310,9,regular
cell_311,0,regular
cell_312,1,regular
cell_313,2,regular
cell_314,3,regular
cell_315,4,regular
cell_316,5,regular
cell_317,6,regular
cell_318,7,regular
cell_319,8,regular
cell_320,9,regular
cell_321,0,regular
cell_322,1,regular
cell_323,2,regular
cell_324,3,regular
cell_325,4,regular
cell_326,5,regular
cell_327,6,regular
cell_328,7,regular
cell_329,8,regular
cell_330,9,regular
cell_331,0,regular
cell_332,1,regular
cell_333,2,regular
cell_334,3,regular
cell_335,4,regular
cell_336,5,regular
cell_337,6,regular
cell_338,7,regular
cell_339,8,regular
cell_340,9,regular
cell_341,0,regular
cell_342,1,regular
cell_343,2,regular
cell_344,3,regular
cell_345,4,regular
cell_346,5,regular
cell_347,6,regular
cell_348,7,regular
cell_349,8,regular
cell_350,9,regular
cell_351,0,regular
cell_352,1,regular
cell_353,2,regular
cell_354,3,regular
cell_355,4,regular
cell_356,5,regular
cell_357,6,regular
cell_358,7,regular
cell_359,8,regular
cell_360,9,regular
cell_361,0,regular
cell_362,1,regular
cell_363,2,regular
cell_364,3,regular
cell_365,4,regular
cell_366,5,regular
cell_367,6,regular
cell_368,7,regular
cell_369,8,regular
cell_370,9,regular
cell_371,0,regular
cell_372,1,regular
cell_373,2,regular
cell_374,3,regular
cell_375,4,regular
cell_376,5,regular
cell_377,6,regular
cell_378,7,regular
cell_379,8,regular
cell_380,9,regular
cell_381,0,regular
cell_382,1,regular
cell_383,2,regular
cell_384,3,regular
cell_385,4,regular
cell_386,5,regular
cell_387,6,regular
cell_388,7,regular
cell_389,8,regular
cell_390,9,regular
cell_391,0,regular
cell_392,1,regular
cell_393,2,regular
cell_394,3,regular
cell_395,4,regular
cell_396,5,regular
cell_397,6,regular
cell_398,7,regular
cell_399,8,regular
cell_400,9,regular
cell_401,0,regular
cell_402,1,regular
cell_403,2,regular
cell_404,3,regular
cell_405,4,regular
cell_406,5,regular
cell_407,6,regular
cell_408,7,regular
cell_409,8,regular
cell_410,9,regular
cell_411,0,regular
cell_412,1,regular
cell_413,2,regular
cell_414,3,regular
cell_415,4,regular
cell_416,5,regular
cell_417,6,regular
cell_418,7,regular
cell_419,8,regular
cell_420,9,regular
cell_421,0,regular
cell_422,1,regular
cell_423,2,regular
cell_424,3,regular
cell_425,4,regular
cell_426,5,regular
cell_427,6,regular
cell_428,7,regular
cell_429,8,regular
cell_430,9,regular
cell_431,0,regular
cell_432,1,regular
cell_433,2,regular
cell_434,3,regular
cell_435,4,regular
cell_436,5,regular
cell_437,6,regular
cell_438,7,regular
cell_439,8,regular
cell_440,9,regular
cell_441,0,regular
cell_442,1,regular
cell_443,2,regular
cell_444,3,regular
cell_445,4,regular
cell_446,5,regular
cell_447,6,regular
cell_448,7,regular
cell_449,8,regular
cell_450,9,regular
cell_451,0,regular
cell_452,1,regular
cell_453,2,regular
cell_454,3,regular
cell_455,4,regular
cell_456,5,regular
cell_457,6,regular
cell_458,7,regular
cell_459,8,regular
cell_460,9,regular
cell_461,0,regular
cell_462,1,regular
cell_463,2,regular
cell_464,3,regular
cell_465,4,regular
cell_466,5,regular
cell_467,6,regular
cell_468,7,regular
cell_469,8,regular
cell_470,9,regular
cell_471,0,regular
cell_472,1,regular
cell_473,2,regular
cell_474,3,regular
cell_475,4,regular
cell_476,5,regular
cell_477,6,regular
cell_478,7,regular
cell_479,8,regular
cell_480,9,regular
cell_481,0,regular
cell_482,1,regular
cell_483,2,regular
cell_484,3,regular
cell_485,4,regular
cell_486,5,regular
cell_487,6,regular
cell_488,7,regular
cell_489,8,regular
cell_490,9,regular
cell_491,0,regular
cell_492,1,regular
cell_493,2,regular
cell_494,3,regular
cell_495,4,regular
cell_496,5,regular
cell_497,6,regular
cell_498,7,regular
cell_499,8,regular
cell_500,9,regular
cell_501,0,regular
cell_502,1,regular
cell_503,2,regular
cell_504,3,regular
cell_505,4,regular
cell_506,5,regular
cell_507,6,regular
cell_508,7,regular
cell_509,8,regular
cell_510,9,regular
cell_511,0,regular
cell_512,1,regular
cell_513,2,regular
cell_514,3,regular
cell_515,4,regular
cell_516,5,regular
cell_517,6,regular
cell_518,7,regular
cell_519,8,regular
cell_520,9,regular
cell_521,0,regular
cell_522,1,regular
cell_523,2,regular
cell_524,3,regular
cell_525,4,regular
cell_526,5,regular
cell_527,6,regular
cell_528,7,regular
cell_529,8,regular
cell_530,9,regular
cell_531,0,regular
cell_532,1,regular
cell_533,2,regular
cell_534,3,regular
cell_535,4,regular
cell_536,5,regular
cell_537,6,regular
cell_538,7,regular
cell_539,8,regular
cell_540,9,regular
cell_541,0,regular
cell_542,1,regular
cell_543,2,regular
cell_544,3,regular
cell_545,4,regular
cell_546,5,regular
cell_547,6,regular
cell_548,7,regular
cell_549,8,regular
cell_550,9,regular
cell_551,0,regular
cell_552,1,regular
cell_553,2,regular
cell_554,3,regular
cell_555,4,regular
cell_556,5,regular
cell_557,6,regular
cell_558,7,regular
cell_559,8,regular
cell_560,9,regular
cell_561,0,regular
cell_562,1,regular
cell_563,2,regular
cell_564,3,regular
cell_565,4,regular
cell_566,5,regular
cell_567,6,regular
cell_568,7,regular
cell_569,8,regular
cell_570,9,regular
cell_571,0,regular
cell_572,1,regular
cell_573,2,regular
cell_574,3,regular
cell_575,4,regular
cell_576,5,regular
cell_577,6,regular
cell_578,7,regular
cell_579,8,regular
cell_580,9,regular
cell_581,0,regular
cell_582,1,regular
cell_583,2,regular
cell_584,3,regular
cell_585,4,regular
cell_586,5,regular
cell_587,6,regular
cell_588,7,regular
cell_589,8,regular
cell_590,9,regular
cell_591,0,regular
cell_592,1,regular
cell_593,2,regular
cell_594,3,regular
cell_595,4,regular
cell_596,5,regular
cell_597,6,regular
cell_598,7,regular
cell_599,8,regular
cell_600,9,regular
cell_601,0,regular
cell_602,1,regular
cell_603,2,regular
cell_604,3,regular
cell_605,4,regular
cell_606,5,regular
cell_607,6,regular
cell_608,7,regular
cell_609,8,regular
cell_610,9,regular
cell_611,0,regular
cell_612,1,regular
cell_613,2,regular
cell_614,3,regular
cell_615,4,regular
cell_616,5,regular
cell_617,6,regular
cell_618,7,regular
cell_619,8,regular
cell_620,9,regular
cell_621,0,regular
cell_622,1,regular
cell_623,2,regular
cell_624,3,regular
cell_625,4,regular
cell_626,5,regular
cell_627,6,regular
cell_628,7,regular
cell_629,8,regular
cell_630,9,regular
cell_631,0,regular
cell_632,1,regular
cell_633,2,regular
cell_634,3,regular
cell_635,4,regular
cell_636,5,regular
cell_637,6,regular
cell_638,7,regular
cell_639,8,regular
cell_640,9,regular
cell_641,0,regular
cell_642,1,regular
cell_643,2,regular
cell_644,3,regular
cell_645,4,regular
cell_646,5,regular
cell_647,6,regular
cell_648,7,regular
cell_649,8,regular
cell_650,9,regular
cell_651,0,regular
cell_652,1,regular
cell_653,2,regular
cell_654,3,regular
cell_655,4,regular
cell_656,5,regular
cell_657,6,regular
cell_658,7,regular
cell_659,8,regular
cell_660,9,regular
cell_661,0,regular
cell_662,1,regular
cell_663,2,regular
cell_664,3,regular
cell_665,4,regular
cell_666,5,regular
cell_667,6,regular
cell_668,7,regular
cell_669,8,regular
cell_670,9,regular
cell_671,0,regular
cell_672,1,regular
cell_673,2,regular
cell_674,3,regular
cell_675,4,regular
cell_676,5,regular
cell_677,6,regular
cell_678,7,regular
cell_679,8,regular
cell_680,9,regular
cell_681,0,regular
cell_682,1,regular
cell_683,2,regular
cell_684,3,regular
cell_685,4,regular
cell_686,5,regular
cell_687,6,regular
cell_688,7,regular
cell_689,8,regular
cell_690,9,regular
cell_691,0,regular
cell_692,1,regular
cell_693,2,regular
cell_694,3,regular
cell_695,4,regular
cell_696,5,regular
cell_697,6,regular
cell_698,7,regular
cell_699,8,regular
cell_700,9,regular
cell_701,0,regular
cell_702,1,regular
cell_703,2,regular
cell_704,3,regular
cell_705,4,regular
cell_706,5,regular
cell_707,6,regular
cell_708,7,regular
cell_709,8,regular
cell_710,9,regular
cell_711,0,regular
cell_712,1,regular
cell_713,2,regular
cell_714,3,regular
cell_715,4,regular
cell_716,5,regular
cell_717,6,regular
cell_718,7,regular
cell_719,8,regular
cell_720,9,regular
cell_721,0,regular
cell_722,1,regular
cell_723,2,regular
cell_724,3,regular
cell_725,4,regular
cell_726,5,regular
cell_727,6,regular
cell_728,7,regular
cell_729,8,regular
cell_730,9,regular
cell_731,0,regular
cell_732,1,regular
cell_733,2,regular
cell_734,3,regular
cell_735,4,regular
cell_736,5,regular
cell_737,6,regular
cell_738,7,regular
cell_739,8,regular
cell_740,9,regular
cell_741,0,regular
cell_742,1,regular
cell_743,2,regular
cell_744,3,regular
cell_745,4,regular
cell_746,5,regular
cell_747,6,regular
cell_748,7,regular
cell_749,8,regular
cell_750,9,regular
cell_751,0,regular
cell_752,1,regular
cell_753,2,regular
cell_754,3,regular
cell_755,4,regular
cell_756,5,regular
cell_757,6,regular
cell_758,7,regular
cell_759,8,regular
cell_760,9,regular
cell_761,0,regular
cell_762,1,regular
cell_763,2,regular
cell_764,3,regular
cell_765,4,regular
cell_766,5,regular
cell_767,6,regular
cell_768,7,regular
cell_769,8,regular
cell_770,9,regular
cell_771,0,regular
cell_772,1,regular
cell_773,2,regular
cell_774,3,regular
cell_775,4,regular
cell_776,5,regular
cell_777,6,regular
cell_778,7,regular
cell_779,8,regular
cell_780,9,regular
cell_781,0,regular
cell_782,1,regular
cell_783,2,regular
cell_784,3,regular
cell_785,4,regular
cell_786,5,regular
cell_787,6,regular
cell_788,7,regular
cell_789,8,regular
cell_790,9,regular
cell_791,0,regular
cell_792,1,regular
cell_793,2,regular
cell_794,3,regular
cell_795,4,regular
cell_796,5,regular
cell_797,6,regular
cell_798,7,regular
cell_799,8,regular
cell_800,9,regular
cell_801,0,regular
cell_802,1,regular
cell_803,2,regular
cell_804,3,regular
cell_805,4,regular
cell_806,5,regular
cell_807,6,regular
cell_808,7,regular
cell_809,8,regular
cell_810,9,regular
cell_811,0,regular
cell_812,1,regular
cell_813,2,regular
cell_814,3,regular
cell_815,4,regular
cell_816,5,regular
cell_817,6,regular
cell_818,7,regular
cell_819,8,regular
cell_820,9,regular
cell_821,0,regular
cell_822,1,regular
cell_823,2,regular
cell_824,3,regular
cell_825,4,regular
cell_826,5,regular
cell_827,6,regular
cell_828,7,regular
cell_829,8,regular
cell_830,9,regular
cell_831,0,regular
cell_832,1,regular
cell_833,2,regular
cell_834,3,regular
cell_835,4,regular
cell_836,5,regular
cell_837,6,regular
cell_838,7,regular
cell_839,8,regular
cell_840,9,regular
cell_841,0,regular
cell_842,1,regular
cell_843,2,regular
cell_844,3,regular
cell_845,4,regular
cell_846,5,regular
cell_847,6,regular
cell_848,7,regular
cell_849,8,regular
cell_850,9,regular
cell_851,0,regular
cell_852,1,regular
cell_853,2,regular
cell_854,3,regular
cell_855,4,regular
cell_856,5,regular
cell_857,6,regular
cell_858,7,regular
cell_859,8,regular
cell_860,9,regular
cell_861,0,regular
cell_862,1,regular
cell_863,2,regular
cell_864,3,regular
cell_865,4,regular
cell_866,5,regular
cell_867,6,regular
cell_868,7,regular
cell_869,8,regular
cell_870,9,regular
cell_871,0,regular
cell_872,1,regular
cell_873,2,regular
cell_874,3,regular
cell_875,4,regular
cell_876,5,regular
cell_877,6,regular
cell_878,7,regular
cell_879,8,regular
cell_880,9,regular
cell_881,0,regular
cell_882,1,regular
cell_883,2,regular
cell_884,3,regular
cell_885,4,regular
cell_886,5,regular
cell_887,6,regular
cell_888,7,regular
cell_889,8,regular
cell_890,9,regular
cell_891,0,regular
cell_892,1,regular
cell_893,2,regular
cell_894,3,regular
cell_895,4,regular
cell_896,5,regular
cell_897,6,regular
cell_898,7,regular
cell_899,8,regular
cell_900,9,regular
cell_901,0,regular
cell_902,1,regular
cell_903,2,regular
cell_904,3,regular
cell_905,4,regular
cell_906,5,regular
cell_907,6,regular
cell_908,7,regular
cell_909,8,regular
cell_910,9,regular
cell_911,0,regular
cell_912,1,regular
cell_913,2,regular
cell_914,3,regular
cell_915,4,regular
cell_916,5,regular
cell_917,6,regular
cell_918,7,regular
cell_919,8,regular
cell_920,9,regular
cell_921,0,regular
cell_922,1,regular
cell_923,2,regular
cell_924,3,regular
cell_925,4,regular
cell_926,5,regular
cell_927,6,regular
cell_928,7,regular
cell_929,8,regular
cell_930,9,regular
cell_931,0,regular
cell_932,1,regular
cell_933,2,regular
cell_934,3,regular
cell_935,4,regular
cell_936,5,regular
cell_937,6,regular
cell_938,7,regular
cell_939,8,regular
cell_940,9,regular
cell_941,0,regular
cell_942,1,regular
cell_943,2,regular
cell_944,3,regular
cell_945,4,regular
cell_946,5,regular
cell_947,6,regular
cell_948,7,regular
cell_949,8,regular
cell_950,9,regular
cell_951,0,regular
cell_952,1,regular
cell_953,2,regular
cell_954,3,regular
cell_955,4,regular
cell_956,5,regular
cell_957,6,regular
cell_958,7,regular
cell_959,8,regular
cell_960,9,regular
cell_961,0,regular
cell_962,1,regular
cell_963,2,regular
cell_964,3,regular
cell_965,4,regular
cell_966,5,regular
cell_967,6,regular
cell_968,7,regular
cell_969,8,regular
cell_970,9,regular
cell_971,0,regular
cell_972,1,regular
cell_973,2,regular
cell_974,3,regular
cell_975,4,regular
cell_976,5,regular
cell_977,6,regular
cell_978,7,regular
cell_979,8,regular
cell_980,9,regular
cell_981,0,regular
cell_982,1,regular
cell_983,2,regular
cell_984,3,regular
cell_985,4,regular
cell_986,5,regular
cell_987,6,regular
cell_988,7,regular
cell_989,8,regular
cell_990,9,regular
cell_991,0,regular
cell_992,1,regular
cell_993,2,regular
cell_994,3,regular
cell_995,4,regular
cell_996,5,regular
cell_997,6,regular
cell_998,7,regular
cell_999,8,regular
cell_1000,9,regular
cell_1001,0,regular
cell_1002,1,regular
cell_1003,2,regular
cell_1004,3,regular
cell_1005,4,regular
cell_1006,5,regular
cell_1007,6,regular
cell_1008,7,regular
cell_1009,8,regular
cell_1010,9,regular
cell_1011,0,regular
cell_1012,1,regular
cell_1013,2,regular
cell_1014,3,regular
cell_1015,4,regular
cell_1016,5,regular
cell_1017,6,regular
cell_1018,7,regular
cell_1019,8,regular
cell_1020,9,regular
cell_1021,0,regular
cell_1022,1,regular
cell_1023,2,regular
cell_1024,3,regular
cell_1025,4,regular
cell_1026,5,regular
cell_1027,6,regular
cell_1028,7,regular
cell_1029,8,regular
cell_1030,9,regular
cell_1031,0,regular
cell_1032,1,regular
cell_1033,2,regular
cell_1034,3,regular
cell_1035,4,regular
cell_1036,5,regular
cell_1037,6,regular
cell_1038,7,regular
cell_1039,8,regular
cell_1040,9,regular
cell_1041,0,regular
cell_1042,1,regular
cell_1043,2,regular
cell_1044,3,regular
cell_1045,4,regular
cell_1046,5,regular
cell_1047,6,regular
cell_1048,7,regular
cell_1049,8,regular
cell_1050,9,regular
cell_1051,0,regular
cell_1052,1,regular
cell_1053,2,regular
cell_1054,3,regular
cell_1055,4,regular
cell_1056,5,regular
cell_1057,6,regular
cell_1058,7,regular
cell_1059,8,regular
cell_1060,9,regular
cell_1061,0,regular
cell_1062,1,regular
cell_1063,2,regular
cell_1064,3,regular
cell_1065,4,regular
cell_1066,5,regular
cell_1067,6,regular
cell_1068,7,regular
cell_1069,8,regular
cell_1070,9,regular
cell_1071,0,regular
cell_1072,1,regular
cell_1073,2,regular
cell_1074,3,regular
cell_1075,4,regular
cell_1076,5,regular
cell_1077,6,regular
cell_1078,7,regular
cell_1079,8,regular
cell_1080,9,regular
cell_1081,0,regular
cell_1082,1,regular
cell_1083,2,regular
cell_1084,3,regular
cell_1085,4,regular
cell_1086,5,regular
cell_1087,6,regular
cell_1088,7,regular
cell_1089,8,regular
cell_1090,9,regular
cell_1091,0,regular
cell_1092,1,regular
cell_1093,2,regular
cell_1094,3,regular
cell_1095,4,regular
cell_1096,5,regular
cell_1097,6,regular
cell_1098,7,regular
cell_1099,8,regular
cell_1100,9,regular
cell_1101,0,regular
cell_1102,1,regular
cell_1103,2,regular
cell_1104,3,regular
cell_1105,4,regular
cell_1106,5,regular
cell_1107,6,regular
cell_1108,7,regular
cell_1109,8,regular
cell_1110,9,regular
cell_1111,0,regular
cell_1112,1,regular
cell_1113,2,regular
cell_1114,3,regular
cell_1115,4,regular
cell_1116,5,regular
cell_1117,6,regular
cell_1118,7,regular
cell_1119,8,regular
cell_1120,9,regular
cell_1121,0,regular
cell_1122,1,regular
cell_1123,2,regular
cell_1124,3,regular
cell_1125,4,regular
cell_1126,5,regular
cell_1127,6,regular
cell_1128,7,regular
cell_1129,8,regular
cell_1130,9,regular
cell_1131,0,regular
cell_1132,1,regular
cell_1133,2,regular
cell_1134,3,regular
cell_1135,4,regular
cell_1136,5,regular
cell_1137,6,regular
cell_1138,7,regular
cell_1139,8,regular
cell_1140,9,regular
cell_1141,0,regular
cell_1142,1,regular
cell_1143,2,regular
cell_1144,3,regular
cell_1145,4,regular
cell_1146,5,regular
cell_1147,6,regular
cell_1148,7,regular
cell_1149,8,regular
cell_1150,9,regular
cell_1151,0,regular
cell_1152,1,regular
cell_1153,2,regular
cell_1154,3,regular
cell_1155,4,regular
cell_1156,5,regular
cell_1157,6,regular
cell_1158,7,regular
cell_1159,8,regular
cell_1160,9,regular
cell_1161,0,regular
cell_1162,1,regular
cell_1163,2,regular
cell_1164,3,regular
cell_1165,4,regular
cell_1166,5,regular
cell_1167,6,regular
cell_1168,7,regular
cell_1169,8,regular
cell_1170,9,regular
cell_1171,0,regular
cell_1172,1,regular
cell_1173,2,regular
cell_1174,3,regular
cell_1175,4,regular
cell_1176,5,regular
cell_1177,6,regular
cell_1178,7,regular
cell_1179,8,regular
cell_1180,9,regular
cell_1181,0,regular
cell_1182,1,regular
cell_1183,2,regular
cell_1184,3,regular
cell_1185,4,regular
cell_1186,5,regular
cell_1187,6,regular
cell_1188,7,regular
cell_1189,8,regular
cell_1190,9,regular
cell_1191,0,regular
cell_1192,1,regular
cell_1193,2,regular
cell_1194,3,regular
cell_1195,4,regular
cell_1196,5,regular
cell_1197,6,regular
cell_1198,7,regular
cell_1199,8,regular
cell_1200,9,regular
cell_1201,0,regular
cell_1202,1,regular
cell_1203,2,regular
cell_1204,3,regular
cell_1205,4,regular
cell_1206,5,regular
cell_1207,6,regular
cell_1208,7,regular
cell_1209,8,regular
cell_1210,9,regular
cell_1211,0,regular
cell_1212,1,regular
cell_1213,2,regular
cell_1214,3,regular
cell_1215,4,regular
cell_1216,5,regular
cell_1217,6,regular
cell_1218,7,regular
cell_1219,8,regular
cell_1220,9,regular
cell_1221,0,regular
cell_1222,1,regular
cell_1223,2,regular
cell_1224,3,regular
cell_1225,4,regular
cell_1226,5,regular
cell_1227,6,regular
cell_1228,7,regular
cell_1229,8,regular
cell_1230,9,regular
cell_1231,0,regular
cell_1232,1,regular
cell_1233,2,regular
cell_1234,3,regular
cell_1235,4,regular
cell_1236,5,regular
cell_1237,6,regular
cell_1238,7,regular
cell_1239,8,regular
cell_1240,9,regular
cell_1241,0,regular
cell_1242,1,regular
cell_1243,2,regular
cell_1244,3,regular
cell_1245,4,regular
cell_1246,5,regular
cell_1247,6,regular
cell_1248,7,regular
cell_1249,8,regular
cell_1250,9,regular
cell_1251,0,regular
cell_1252,1,regular
cell_1253,2,regular
cell_1254,3,regular
cell_1255,4,regular
cell_1256,5,regular
cell_1257,6,regular
cell_1258,7,regular
cell_1259,8,regular
cell_1260,9,regular
cell_1261,0,regular
cell_1262,1,regular
cell_1263,2,regular
cell_1264,3,regular
cell_1265,4,regular
cell_1266,5,regular
cell_1267,6,regular
cell_1268,7,regular
cell_1269,8,regular
cell_1270,9,regular
cell_1271,0,regular
cell_1272,1,regular
cell_1273,2,regular
cell_1274,3,regular
cell_1275,4,regular
cell_1276,5,regular
cell_1277,6,regular
cell_1278,7,regular
cell_1279,8,regular
cell_1280,9,regular
cell_1281,0,regular
cell_1282,1,regular
cell_1283,2,regular
cell_1284,3,regular
cell_1285,4,regular
cell_1286,5,regular
cell_1287,6,regular
cell_1288,7,regular
cell_1289,8,regular
cell_1290,9,regular
cell_1291,0,regular
cell_1292,1,regular
cell_1293,2,regular
cell_1294,3,regular
cell_1295,4,regular
cell_1296,5,regular
cell_1297,6,regular
cell_1298,7,regular
cell_1299,8,regular
cell_1300,9,regular
cell_1301,0,regular
cell_1302,1,regular
cell_1303,2,regular
cell_1304,3,regular
cell_1305,4,regular
cell_1306,5,regular
cell_1307,6,regular
cell_1308,7,regular
cell_1309,8,regular
cell_1310,9,regular
cell_1311,0,regular
cell_1312,1,regular
cell_1313,2,regular
cell_1314,3,regular
cell_1315,4,regular
cell_1316,5,regular
cell_1317,6,regular
cell_1318,7,regular
cell_1319,8,regular
cell_1320,9,regular
cell_1321,0,regular
cell_1322,1,regular
cell_1323,2,regular
cell_1324,3,regular
cell_1325,4,regular
cell_1326,5,regular
cell_1327,6,regular
cell_1328,7,regular
cell_1329,8,regular
cell_1330,9,regular
cell_1331,0,regular
cell_1332,1,regular
cell_1333,2,regular
cell_1334,3,regular
cell_1335,4,regular
cell_1336,5,regular
cell_1337,6,regular
cell_1338,7,regular
cell_1339,8,regular
cell_1340,9,regular
cell_1341,0,regular
cell_1342,1,regular
cell_1343,2,regular
cell_1344,3,regular
cell_1345,4,regular
cell_1346,5,regular
cell_1347,6,regular
cell_1348,7,regular
cell_1349,8,regular
cell_1350,9,regular
cell_1351,0,regular
cell_1352,1,regular
cell_1353,2,regular
cell_1354,3,regular
cell_1355,4,regular
cell_1356,5,regular
cell_1357,6,regular
cell_1358,7,regular
cell_1359,8,regular
cell_1360,9,regular
cell_1361,0,regular
cell_1362,1,regular
cell_1363,2,regular
cell_1364,3,regular
cell_1365,4,regular
cell_1366,5,regular
cell_1367,6,regular
cell_1368,7,regular
cell_1369,8,regular
cell_1370,9,regular
cell_1371,0,regular
cell_1372,1,regular
cell_1373,2,regular
cell_1374,3,regular
cell_1375,4,regular
cell_1376,5,regular
cell_1377,6,regular
cell_1378,7,regular
cell_1379,8,regular
cell_1380,9,regular
cell_1381,0,regular
cell_1382,1,regular
cell_1383,2,regular
cell_1384,3,regular
cell_1385,4,regular
cell_1386,5,regular
cell_1387,6,regular
cell_1388,7,regular
cell_1389,8,regular
cell_1390,9,regular
cell_1391,0,regular
cell_1392,1,regular
cell_1393,2,regular
cell_1394,3,regular
cell_1395,4,regular
cell_1396,5,regular
cell_1397,6,regular
cell_1398,7,regular
cell_1399,8,regular
cell_1400,9,regular
cell_1401,0,regular
cell_1402,1,regular
cell_1403,2,regular
cell_1404,3,regular
cell_1405,4,regular
cell_1406,5,regular
cell_1407,6,regular
cell_1408,7,regular
cell_1409,8,regular
cell_1410,9,regular
cell_1411,0,regular
cell_1412,1,regular
cell_1413,2,regular
cell_1414,3,regular
cell_1415,4,regular
cell_1416,5,regular
cell_1417,6,regular
cell_1418,7,regular
cell_1419,8,regular
cell_1420,9,regular
cell_1421,0,regular
cell_1422,1,regular
cell_1423,2,regular
cell_1424,3,regular
cell_1425,4,regular
cell_1426,5,regular
cell_1427,6,regular
cell_1428,7,regular
cell_1429,8,regular
cell_1430,9,regular
cell_1431,0,regular
cell_1432,1,regular
cell_1433,2,regular
cell_1434,3,regular
cell_1435,4,regular
cell_1436,5,regular
cell_1437,6,regular
cell_1438,7,regular
cell_1439,8,regular
cell_1440,9,regular
cell_1441,0,regular
cell_1442,1,regular
cell_1443,2,regular
cell_1444,3,regular
cell_1445,4,regular
cell_1446,5,regular
cell_1447,6,regular
cell_1448,7,regular
cell_1449,8,regular
cell_1450,9,regular
cell_1451,0,regular
cell_1452,1,regular
cell_1453,2,regular
cell_1454,3,regular
cell_1455,4,regular
cell_1456,5,regular
cell_1457,6,regular
cell_1458,7,regular
cell_1459,8,regular
cell_1460,9,regular
cell_1461,0,regular
cell_1462,1,regular
cell_1463,2,regular
cell_1464,3,regular
cell_1465,4,regular
cell_1466,5,regular
cell_1467,6,regular
cell_1468,7,regular
cell_1469,8,regular
cell_1470,9,regular
cell_1471,0,regular
cell_1472,1,regular
cell_1473,2,regular
cell_1474,3,regular
cell_1475,4,regular
cell_1476,5,regular
cell_1477,6,regular
cell_1478,7,regular
cell_1479,8,regular
cell_1480,9,regular
cell_1481,0,regular
cell_1482,1,regular
cell_1483,2,regular
cell_1484,3,regular
cell_1485,4,regular
cell_1486,5,regular
cell_1487,6,regular
cell_1488,7,regular
cell_1489,8,regular
cell_1490,9,regular
cell_1491,0,regular
cell_1492,1,regular
cell_1493,2,regular
cell_1494,3,regular
cell_1495,4,regular
cell_1496,5,regular
cell_1497,6,regular
cell_1498,7,regular
cell_1499,8,regular
cell_1500,9,regular
