"x","name"
"YAL001C","TFC3"
"YAL002W","VPS8"
"YAL004W","YAL004W"
"YAL005C","SSA1"
"YAL007C","ERP2"
"YAL010C","MDM10"
"YAL011W","SWC3"
"YAL012W","CYS3"
"YAL014C","SYN8"
"YAL015C","NTG1"
"YAL016W","TPD3"
"YAL020C","ATS1"
"YAL021C","CCR4"
"YAL022C","FUN26"
"YAL023C","PMT2"
"YAL024C","LTE1"
"YAL025C","MAK16"
"YAL026C","DRS2"
"YAL029C","MYO4"
"YAL034C","FUN19"
"YAL036C","RBG1"
"YAL037W","YAL037W"
"YAL038W","CDC19"
"YAL039C","CYC3"
"YAL040C","CLN3"
"YAL043C","PTA1"
"YAL043C-A","None"
"YAL044C","GCV3"
"YAL045C","YAL045C"
"YAL046C","BOL3"
"YAL048C","GEM1"
"YAL049C","AIM2"
"YAL051W","OAF1"
"YAL054C","ACS1"
"YAL059W","ECM1"
"YAL060W","BDH1"
"YAL061W","BDH2"
"YAR008W","SEN34"
"YAR010C","YAR010C"
"YAR015W","ADE1"
"YAR018C","KIN3"
"YAR019C","CDC15"
"YAR020C","PAU7"
"YAR028W","YAR028W"
"YAR031W","PRM9"
"YAR033W","MST28"
"YAR035W","YAT1"
"YAR042W","SWH1"
"YAR044W","None"
"YAR050W","FLO1"
"YAR075W","YAR075W"
"YBL001C","ECM15"
"YBL003C","HTA2"
"YBL005W","PDR3"
"YBL005W-B","YBL005W-B"
"YBL007C","SLA1"
"YBL008W","HIR1"
"YBL010C","YBL010C"
"YBL011W","SCT1"
"YBL014C","RRN6"
"YBL015W","ACH1"
"YBL018C","POP8"
"YBL019W","APN2"
"YBL021C","HAP3"
"YBL022C","PIM1"
"YBL023C","MCM2"
"YBL025W","RRN10"
"YBL026W","LSM2"
"YBL029W","YBL029W"
"YBL030C","PET9"
"YBL033C","RIB1"
"YBL034C","STU1"
"YBL036C","YBL036C"
"YBL037W","APL3"
"YBL039C","URA7"
"YBL040C","ERD2"
"YBL043W","ECM13"
"YBL045C","COR1"
"YBL047C","EDE1"
"YBL049W","MOH1"
"YBL053W","YBL053W"
"YBL055C","YBL055C"
"YBL057C","PTH2"
"YBL059W","YBL059W"
"YBL061C","SKT5"
"YBL062W","YBL062W"
"YBL066C","SEF1"
"YBL067C","UBP13"
"YBL070C","YBL070C"
"YBL071C","YBL071C"
"YBL072C","RPS8A"
"YBL074C","AAR2"
"YBL076C","ILS1"
"YBL080C","PET112"
"YBL083C","YBL083C"
"YBL084C","CDC27"
"YBL086C","YBL086C"
"YBL087C","RPL23A"
"YBL088C","TEL1"
"YBL089W","AVT5"
"YBL091C","MAP2"
"YBL091C-A","SCS22"
"YBL093C","ROX3"
"YBL095W","MRX3"
"YBL097W","BRN1"
"YBL099W","ATP1"
"YBL100C","YBL100C"
"YBL101W-A","None"
"YBL103C","RTG3"
"YBL104C","SEA4"
"YBL106C","SRO77"
"YBL107C","MIX23"
"YBL107W-A","YBL107W-A"
"YBR001C","NTH2"
"YBR003W","COQ1"
"YBR008C","FLR1"
"YBR010W","HHT1"
"YBR011C","IPP1"
"YBR012W-B","YBR012W-B"
"YBR016W","YBR016W"
"YBR020W","GAL1"
"YBR021W","FUR4"
"YBR022W","POA1"
"YBR025C","OLA1"
"YBR027C","YBR027C"
"YBR028C","YPK3"
"YBR033W","EDS1"
"YBR034C","HMT1"
"YBR035C","PDX3"
"YBR036C","CSG2"
"YBR038W","CHS2"
"YBR040W","FIG1"
"YBR042C","CST26"
"YBR043C","QDR3"
"YBR044C","TCM62"
"YBR045C","GIP1"
"YBR047W","FMP23"
"YBR048W","RPS11B"
"YBR053C","YBR053C"
"YBR054W","YRO2"
"YBR055C","PRP6"
"YBR056W","YBR056W"
"YBR057C","MUM2"
"YBR058C","UBP14"
"YBR059C","AKL1"
"YBR060C","ORC2"
"YBR061C","TRM7"
"YBR063C","YBR063C"
"YBR064W","YBR064W"
"YBR065C","ECM2"
"YBR069C","TAT1"
"YBR071W","YBR071W"
"YBR072W","HSP26"
"YBR073W","RDH54"
"YBR074W","YBR074W"
"YBR076W","ECM8"
"YBR078W","ECM33"
"YBR079C","RPG1"
"YBR080C","SEC18"
"YBR081C","SPT7"
"YBR082C","UBC4"
"YBR083W","TEC1"
"YBR084W","MIS1"
"YBR085W","AAC3"
"YBR087W","RFC5"
"YBR088C","POL30"
"YBR089W","YBR089W"
"YBR091C","TIM12"
"YBR092C","PHO3"
"YBR094W","PBY1"
"YBR096W","YBR096W"
"YBR097W","VPS15"
"YBR099C","YBR099C"
"YBR100W","None"
"YBR103W","SIF2"
"YBR108W","AIM3"
"YBR110W","ALG1"
"YBR113W","YBR113W"
"YBR114W","RAD16"
"YBR115C","LYS2"
"YBR118W","TEF2"
"YBR120C","CBP6"
"YBR121C","GRS1"
"YBR123C","TFC1"
"YBR125C","PTC4"
"YBR126C","TPS1"
"YBR127C","VMA2"
"YBR129C","OPY1"
"YBR131W","CCZ1"
"YBR134W","YBR134W"
"YBR135W","CKS1"
"YBR136W","MEC1"
"YBR137W","YBR137W"
"YBR139W","YBR139W"
"YBR140C","IRA1"
"YBR142W","MAK5"
"YBR143C","SUP45"
"YBR145W","ADH5"
"YBR146W","MRPS9"
"YBR147W","RTC2"
"YBR148W","YSW1"
"YBR151W","APD1"
"YBR152W","SPP381"
"YBR153W","RIB7"
"YBR155W","CNS1"
"YBR158W","AMN1"
"YBR159W","IFA38"
"YBR160W","CDC28"
"YBR161W","CSH1"
"YBR162W-A","YSY6"
"YBR163W","EXO5"
"YBR165W","UBS1"
"YBR166C","TYR1"
"YBR168W","PEX32"
"YBR169C","SSE2"
"YBR171W","SEC66"
"YBR172C","SMY2"
"YBR175W","SWD3"
"YBR176W","ECM31"
"YBR180W","DTR1"
"YBR181C","RPS6B"
"YBR184W","YBR184W"
"YBR186W","PCH2"
"YBR187W","GDT1"
"YBR189W","RPS9B"
"YBR191W","RPL21A"
"YBR192W","RIM2"
"YBR194W","AIM4"
"YBR195C","MSI1"
"YBR196C","PGI1"
"YBR197C","YBR197C"
"YBR199W","KTR4"
"YBR200W","BEM1"
"YBR201W","DER1"
"YBR202W","MCM7"
"YBR203W","COS111"
"YBR206W","YBR206W"
"YBR210W","ERV15"
"YBR212W","NGR1"
"YBR213W","MET8"
"YBR214W","SDS24"
"YBR215W","HPC2"
"YBR217W","ATG12"
"YBR218C","PYC2"
"YBR220C","YBR220C"
"YBR221C","PDB1"
"YBR225W","YBR225W"
"YBR228W","SLX1"
"YBR229C","ROT2"
"YBR230C","OM14"
"YBR232C","YBR232C"
"YBR233W","PBP2"
"YBR237W","PRP5"
"YBR238C","YBR238C"
"YBR239C","ERT1"
"YBR240C","THI2"
"YBR242W","YBR242W"
"YBR244W","GPX2"
"YBR245C","ISW1"
"YBR246W","RRT2"
"YBR247C","ENP1"
"YBR248C","HIS7"
"YBR250W","SPO23"
"YBR251W","MRPS5"
"YBR252W","DUT1"
"YBR253W","SRB6"
"YBR255W","MTC4"
"YBR257W","POP4"
"YBR259W","YBR259W"
"YBR260C","RGD1"
"YBR263W","SHM1"
"YBR267W","REI1"
"YBR268W","MRPL37"
"YBR269C","SDH8"
"YBR272C","HSM3"
"YBR274W","CHK1"
"YBR275C","RIF1"
"YBR278W","DPB3"
"YBR279W","PAF1"
"YBR282W","MRPL27"
"YBR284W","YBR284W"
"YBR286W","APE3"
"YBR287W","YBR287W"
"YBR289W","SNF5"
"YBR290W","BSD2"
"YBR291C","CTP1"
"YBR293W","VBA2"
"YBR294W","SUL1"
"YBR295W","PCA1"
"YBR296C","PHO89"
"YBR297W","MAL33"
"YBR299W","MAL32"
"YBR300C","YBR300C"
"YBR301W","PAU24"
"YCL018W","LEU2"
"YCL023C","YCL023C"
"YCL025C","AGP1"
"YCL026C-A","FRM2"
"YCL027W","FUS1"
"YCL029C","BIK1"
"YCL030C","HIS4"
"YCL037C","SRO9"
"YCL043C","PDI1"
"YCL044C","MGR1"
"YCL045C","EMC1"
"YCL049C","YCL049C"
"YCL050C","APA1"
"YCL052C","PBN1"
"YCL054W","SPB1"
"YCL056C","PEX34"
"YCL058C","FYV5"
"YCL059C","KRR1"
"YCL061C","MRC1"
"YCL064C","CHA1"
"YCR003W","MRPL32"
"YCR012W","PGK1"
"YCR017C","CWH43"
"YCR020W-B","HTL1"
"YCR023C","YCR023C"
"YCR024C","SLM5"
"YCR024C-A","PMP1"
"YCR026C","NPP1"
"YCR027C","RHB1"
"YCR030C","SYP1"
"YCR031C","RPS14A"
"YCR032W","BPH1"
"YCR034W","YCR034W"
"YCR036W","RBK1"
"YCR043C","YCR043C"
"YCR045C","RRT12"
"YCR048W","ARE1"
"YCR051W","YCR051W"
"YCR052W","RSC6"
"YCR053W","THR4"
"YCR057C","PWP2"
"YCR060W","TAH1"
"YCR062W","None"
"YCR065W","HCM1"
"YCR066W","RAD18"
"YCR069W","CPR4"
"YCR072C","RSA4"
"YCR073W-A","SOL2"
"YCR075C","ERS1"
"YCR076C","FUB1"
"YCR079W","PTC6"
"YCR081W","SRB8"
"YCR083W","TRX3"
"YCR088W","ABP1"
"YCR089W","FIG2"
"YCR091W","KIN82"
"YCR093W","CDC39"
"YCR094W","CDC50"
"YCR095C","OCA4"
"YCR098C","GIT1"
"YCR100C","YCR100C"
"YCR101C","YCR101C"
"YCR102W-A","YCR102W-A"
"YCR105W","ADH7"
"YCR106W","RDS1"
"YCR107W","AAD3"
"YDL003W","MCD1"
"YDL005C","MED2"
"YDL006W","PTC1"
"YDL007W","RPT2"
"YDL011C","YDL011C"
"YDL013W","SLX5"
"YDL016C","YDL016C"
"YDL018C","ERP3"
"YDL020C","RPN4"
"YDL022W","GPD1"
"YDL023C","YDL023C"
"YDL027C","MRX9"
"YDL028C","MPS1"
"YDL029W","ARP2"
"YDL030W","PRP9"
"YDL033C","SLM3"
"YDL035C","GPR1"
"YDL036C","PUS9"
"YDL037C","BSC1"
"YDL039C","PRM7"
"YDL040C","NAT1"
"YDL042C","SIR2"
"YDL043C","PRP11"
"YDL044C","MTF2"
"YDL045C","FAD1"
"YDL045W-A","MRP10"
"YDL046W","NPC2"
"YDL047W","SIT4"
"YDL048C","STP4"
"YDL049C","KNH1"
"YDL050C","YDL050C"
"YDL052C","SLC1"
"YDL053C","PBP4"
"YDL054C","MCH1"
"YDL055C","PSA1"
"YDL056W","MBP1"
"YDL057W","YDL057W"
"YDL059C","RAD59"
"YDL062W","YDL062W"
"YDL063C","SYO1"
"YDL065C","PEX19"
"YDL069C","CBS1"
"YDL072C","YET3"
"YDL074C","BRE1"
"YDL076C","RXT3"
"YDL078C","MDH3"
"YDL079C","MRK1"
"YDL080C","THI3"
"YDL081C","RPP1A"
"YDL083C","RPS16B"
"YDL084W","SUB2"
"YDL087C","LUC7"
"YDL088C","ASM4"
"YDL090C","RAM1"
"YDL091C","UBX3"
"YDL094C","YDL094C"
"YDL096C","OPI6"
"YDL097C","RPN6"
"YDL098C","SNU23"
"YDL101C","DUN1"
"YDL103C","QRI1"
"YDL104C","QRI7"
"YDL106C","PHO2"
"YDL107W","MSS2"
"YDL111C","RRP42"
"YDL116W","NUP84"
"YDL118W","YDL118W"
"YDL119C","HEM25"
"YDL121C","YDL121C"
"YDL122W","UBP1"
"YDL123W","SNA4"
"YDL125C","HNT1"
"YDL127W","PCL2"
"YDL128W","VCX1"
"YDL129W","YDL129W"
"YDL130W","RPP1B"
"YDL131W","LYS21"
"YDL132W","CDC53"
"YDL133W","SRF1"
"YDL134C","PPH21"
"YDL135C","RDI1"
"YDL139C","SCM3"
"YDL144C","YDL144C"
"YDL145C","COP1"
"YDL146W","LDB17"
"YDL151C","BUD30"
"YDL152W","YDL152W"
"YDL153C","SAS10"
"YDL154W","MSH5"
"YDL158C","YDL158C"
"YDL160C","DHH1"
"YDL162C","YDL162C"
"YDL163W","YDL163W"
"YDL164C","CDC9"
"YDL167C","NRP1"
"YDL171C","GLT1"
"YDL172C","YDL172C"
"YDL175C","AIR2"
"YDL177C","YDL177C"
"YDL178W","DLD2"
"YDL179W","PCL9"
"YDL180W","YDL180W"
"YDL181W","INH1"
"YDL182W","LYS20"
"YDL183C","YDL183C"
"YDL184C","RPL41A"
"YDL187C","YDL187C"
"YDL188C","PPH22"
"YDL190C","UFD2"
"YDL191W","RPL35A"
"YDL192W","ARF1"
"YDL193W","NUS1"
"YDL194W","SNF3"
"YDL195W","SEC31"
"YDL197C","ASF2"
"YDL198C","GGC1"
"YDL199C","YDL199C"
"YDL200C","MGT1"
"YDL201W","TRM8"
"YDL203C","ACK1"
"YDL205C","HEM3"
"YDL207W","GLE1"
"YDL209C","CWC2"
"YDL210W","UGA4"
"YDL211C","YDL211C"
"YDL213C","NOP6"
"YDL215C","GDH2"
"YDL216C","RRI1"
"YDL217C","TIM22"
"YDL218W","YDL218W"
"YDL220C","CDC13"
"YDL222C","FMP45"
"YDL223C","HBT1"
"YDL224C","WHI4"
"YDL226C","GCS1"
"YDL227C","HO"
"YDL228C","YDL228C"
"YDL229W","SSB1"
"YDL231C","BRE4"
"YDL232W","OST4"
"YDL234C","GYP7"
"YDL235C","YPD1"
"YDL236W","PHO13"
"YDL238C","GUD1"
"YDL240W","LRG1"
"YDL241W","YDL241W"
"YDL243C","AAD4"
"YDR002W","YRB1"
"YDR004W","RAD57"
"YDR005C","MAF1"
"YDR007W","TRP1"
"YDR009W","GAL3"
"YDR011W","SNQ2"
"YDR012W","RPL4B"
"YDR013W","PSF1"
"YDR016C","DAD1"
"YDR017C","KCS1"
"YDR018C","YDR018C"
"YDR019C","GCV1"
"YDR021W","FAL1"
"YDR022C","YDR022C"
"YDR023W","SES1"
"YDR025W","RPS11A"
"YDR026C","NSI1"
"YDR027C","VPS54"
"YDR029W","YDR029W"
"YDR032C","PST2"
"YDR033W","MRH1"
"YDR034C","LYS14"
"YDR034C-A","YDR034C-A"
"YDR035W","ARO3"
"YDR041W","RSM10"
"YDR042C","YDR042C"
"YDR043C","NRG1"
"YDR044W","HEM13"
"YDR047W","HEM12"
"YDR049W","VMS1"
"YDR052C","DBF4"
"YDR053W","YDR053W"
"YDR055W","PST1"
"YDR058C","TGL2"
"YDR060W","MAK21"
"YDR061W","YDR061W"
"YDR062W","LCB2"
"YDR063W","AIM7"
"YDR064W","RPS13"
"YDR065W","RRG1"
"YDR066C","RTR2"
"YDR068W","DOS2"
"YDR071C","PAA1"
"YDR073W","SNF11"
"YDR074W","TPS2"
"YDR075W","PPH3"
"YDR076W","RAD55"
"YDR077W","SED1"
"YDR079W","PET100"
"YDR080W","VPS41"
"YDR083W","RRP8"
"YDR084C","TVP23"
"YDR085C","AFR1"
"YDR086C","SSS1"
"YDR087C","RRP1"
"YDR088C","SLU7"
"YDR089W","VTC5"
"YDR090C","YDR090C"
"YDR092W","UBC13"
"YDR096W","GIS1"
"YDR097C","MSH6"
"YDR099W","BMH2"
"YDR100W","TVP15"
"YDR101C","ARX1"
"YDR103W","STE5"
"YDR104C","SPO71"
"YDR106W","ARP10"
"YDR108W","TRS85"
"YDR110W","FOB1"
"YDR111C","ALT2"
"YDR112W","IRC2"
"YDR115W","MRX14"
"YDR118W","APC4"
"YDR119W","VBA4"
"YDR121W","DPB4"
"YDR122W","KIN1"
"YDR124W","YDR124W"
"YDR126W","SWF1"
"YDR127W","ARO1"
"YDR128W","MTC5"
"YDR129C","SAC6"
"YDR130C","FIN1"
"YDR131C","YDR131C"
"YDR132C","YDR132C"
"YDR134C","None"
"YDR137W","RGP1"
"YDR138W","HPR1"
"YDR140W","MTQ2"
"YDR141C","DOP1"
"YDR142C","PEX7"
"YDR143C","SAN1"
"YDR145W","TAF12"
"YDR147W","EKI1"
"YDR149C","YDR149C"
"YDR150W","NUM1"
"YDR152W","GIR2"
"YDR153C","ENT5"
"YDR158W","HOM2"
"YDR159W","SAC3"
"YDR160W","SSY1"
"YDR161W","ACL4"
"YDR163W","CWC15"
"YDR165W","TRM82"
"YDR167W","TAF10"
"YDR168W","CDC37"
"YDR169C","STB3"
"YDR170C","SEC7"
"YDR170W-A","YDR170W-A"
"YDR171W","HSP42"
"YDR172W","SUP35"
"YDR174W","HMO1"
"YDR176W","NGG1"
"YDR177W","UBC1"
"YDR178W","SDH4"
"YDR179W-A","NVJ3"
"YDR180W","SCC2"
"YDR182W","CDC1"
"YDR183W","PLP1"
"YDR184C","ATC1"
"YDR188W","CCT6"
"YDR189W","SLY1"
"YDR191W","HST4"
"YDR192C","NUP42"
"YDR193W","YDR193W"
"YDR195W","REF2"
"YDR197W","CBS2"
"YDR199W","YDR199W"
"YDR203W","YDR203W"
"YDR204W","COQ4"
"YDR205W","MSC2"
"YDR206W","EBS1"
"YDR208W","MSS4"
"YDR210W","YDR210W"
"YDR211W","GCD6"
"YDR212W","TCP1"
"YDR213W","UPC2"
"YDR214W","AHA1"
"YDR217C","RAD9"
"YDR221W","GTB1"
"YDR222W","YDR222W"
"YDR223W","CRF1"
"YDR225W","HTA1"
"YDR226W","ADK1"
"YDR230W","YDR230W"
"YDR232W","HEM1"
"YDR234W","LYS4"
"YDR235W","PRP42"
"YDR237W","MRPL7"
"YDR238C","SEC26"
"YDR240C","SNU56"
"YDR244W","PEX5"
"YDR245W","MNN10"
"YDR247W","VHS1"
"YDR248C","YDR248C"
"YDR251W","PAM1"
"YDR252W","BTT1"
"YDR255C","RMD5"
"YDR256C","CTA1"
"YDR257C","RKM4"
"YDR258C","HSP78"
"YDR261C","EXG2"
"YDR262W","YDR262W"
"YDR263C","DIN7"
"YDR265W","PEX10"
"YDR266C","HEL2"
"YDR268W","MSW1"
"YDR270W","CCC2"
"YDR272W","GLO2"
"YDR273W","DON1"
"YDR275W","BSC2"
"YDR277C","MTH1"
"YDR278C","YDR278C"
"YDR279W","RNH202"
"YDR280W","RRP45"
"YDR281C","PHM6"
"YDR282C","MRX10"
"YDR287W","INM2"
"YDR289C","RTT103"
"YDR291W","HRQ1"
"YDR292C","SRP101"
"YDR293C","SSD1"
"YDR294C","DPL1"
"YDR297W","SUR2"
"YDR299W","BFR2"
"YDR301W","CFT1"
"YDR303C","RSC3"
"YDR304C","CPR5"
"YDR306C","YDR306C"
"YDR308C","SRB7"
"YDR309C","GIC2"
"YDR311W","TFB1"
"YDR312W","SSF2"
"YDR313C","PIB1"
"YDR314C","RAD34"
"YDR316W","OMS1"
"YDR317W","HIM1"
"YDR319C","YDR319C"
"YDR322W","MRPL35"
"YDR323C","PEP7"
"YDR327W","YDR327W"
"YDR328C","SKP1"
"YDR331W","GPI8"
"YDR332W","IRC3"
"YDR334W","SWR1"
"YDR335W","MSN5"
"YDR336W","MRX8"
"YDR337W","MRPS28"
"YDR338C","YDR338C"
"YDR340W","YDR340W"
"YDR342C","HXT7"
"YDR343C","HXT6"
"YDR344C","YDR344C"
"YDR345C","HXT3"
"YDR347W","MRP1"
"YDR348C","PAL1"
"YDR349C","YPS7"
"YDR351W","SBE2"
"YDR352W","YPQ2"
"YDR353W","TRR1"
"YDR354W","TRP4"
"YDR355C","YDR355C"
"YDR356W","SPC110"
"YDR358W","GGA1"
"YDR361C","BCP1"
"YDR368W","YPR1"
"YDR369C","XRS2"
"YDR371W","CTS2"
"YDR373W","FRQ1"
"YDR376W","ARH1"
"YDR381W","YRA1"
"YDR382W","RPP2B"
"YDR383C","NKP1"
"YDR388W","RVS167"
"YDR389W","SAC7"
"YDR390C","UBA2"
"YDR393W","SHE9"
"YDR394W","RPT3"
"YDR395W","SXM1"
"YDR396W","YDR396W"
"YDR398W","UTP5"
"YDR399W","HPT1"
"YDR400W","URH1"
"YDR401W","YDR401W"
"YDR403W","DIT1"
"YDR407C","TRS120"
"YDR409W","SIZ1"
"YDR410C","STE14"
"YDR412W","RRP17"
"YDR414C","ERD1"
"YDR416W","SYF1"
"YDR418W","RPL12B"
"YDR419W","RAD30"
"YDR420W","HKR1"
"YDR421W","ARO80"
"YDR422C","SIP1"
"YDR423C","CAD1"
"YDR427W","RPN9"
"YDR428C","BNA7"
"YDR431W","YDR431W"
"YDR433W","YDR433W"
"YDR434W","GPI17"
"YDR436W","PPZ2"
"YDR438W","THI74"
"YDR440W","DOT1"
"YDR442W","YDR442W"
"YDR444W","YDR444W"
"YDR445C","YDR445C"
"YDR448W","ADA2"
"YDR450W","RPS18A"
"YDR452W","PPN1"
"YDR453C","TSA2"
"YDR456W","NHX1"
"YDR457W","TOM1"
"YDR458C","HEH2"
"YDR460W","TFB3"
"YDR462W","MRPL28"
"YDR463W","STP1"
"YDR464W","SPP41"
"YDR466W","PKH3"
"YDR469W","SDC1"
"YDR471W","RPL27B"
"YDR472W","TRS31"
"YDR473C","PRP3"
"YDR474C","None"
"YDR475C","JIP4"
"YDR477W","SNF1"
"YDR480W","DIG2"
"YDR481C","PHO8"
"YDR483W","KRE2"
"YDR484W","VPS52"
"YDR487C","RIB3"
"YDR489W","SLD5"
"YDR492W","IZH1"
"YDR496C","PUF6"
"YDR499W","LCD1"
"YDR501W","PLM2"
"YDR502C","SAM2"
"YDR503C","LPP1"
"YDR505C","PSP1"
"YDR506C","GMC1"
"YDR510W","SMT3"
"YDR511W","SDH7"
"YDR512C","EMI1"
"YDR513W","GRX2"
"YDR515W","SLF1"
"YDR517W","GRH1"
"YDR518W","EUG1"
"YDR519W","FPR2"
"YDR520C","URC2"
"YDR521W","YDR521W"
"YDR522C","SPS2"
"YDR523C","SPS1"
"YDR525W","API2"
"YDR525W-A","SNA2"
"YDR526C","YDR526C"
"YDR527W","RBA50"
"YDR528W","HLR1"
"YDR531W","CAB1"
"YDR533C","HSP31"
"YDR534C","FIT1"
"YDR536W","STL1"
"YDR538W","PAD1"
"YDR539W","FDC1"
"YDR542W","PAU10"
"YDR543C","YDR543C"
"YEL001C","IRC22"
"YEL002C","WBP1"
"YEL003W","GIM4"
"YEL005C","VAB2"
"YEL006W","YEA6"
"YEL009C","GCN4"
"YEL011W","GLC3"
"YEL012W","UBC8"
"YEL014C","YEL014C"
"YEL016C","NPP2"
"YEL017W","GTT3"
"YEL019C","MMS21"
"YEL021W","URA3"
"YEL023C","YEL023C"
"YEL025C","YEL025C"
"YEL026W","SNU13"
"YEL027W","VMA3"
"YEL029C","BUD16"
"YEL030W","ECM10"
"YEL031W","SPF1"
"YEL032W","MCM3"
"YEL035C","UTR5"
"YEL036C","ANP1"
"YEL037C","RAD23"
"YEL039C","CYC7"
"YEL041W","YEF1"
"YEL042W","GDA1"
"YEL043W","YEL043W"
"YEL046C","GLY1"
"YEL047C","YEL047C"
"YEL049W","PAU2"
"YEL050C","RML2"
"YEL053C","MAK10"
"YEL054C","RPL12A"
"YEL055C","POL5"
"YEL057C","SDD1"
"YEL063C","CAN1"
"YEL064C","AVT2"
"YEL068C","YEL068C"
"YEL069C","HXT13"
"YEL070W","DSF1"
"YEL071W","DLD3"
"YEL072W","RMD6"
"YEL073C","YEL073C"
"YEL076C-A","YEL076C-A"
"YER002W","NOP16"
"YER004W","FMP52"
"YER005W","YND1"
"YER006W","NUG1"
"YER007W","PAC2"
"YER010C","YER010C"
"YER011W","TIR1"
"YER012W","PRE1"
"YER014W","HEM14"
"YER016W","BIM1"
"YER017C","AFG3"
"YER019W","ISC1"
"YER020W","GPA2"
"YER021W","RPN3"
"YER022W","SRB4"
"YER023W","PRO3"
"YER024W","YAT2"
"YER025W","GCD11"
"YER026C","CHO1"
"YER027C","GAL83"
"YER028C","MIG3"
"YER030W","CHZ1"
"YER034W","YER034W"
"YER035W","EDC2"
"YER037W","PHM8"
"YER040W","GLN3"
"YER041W","YEN1"
"YER042W","MXR1"
"YER043C","SAH1"
"YER044C","ERG28"
"YER045C","ACA1"
"YER046W","SPO73"
"YER047C","SAP1"
"YER048C","CAJ1"
"YER048W-A","ISD11"
"YER051W","JHD1"
"YER052C","HOM3"
"YER053C","PIC2"
"YER055C","HIS1"
"YER056C","FCY2"
"YER056C-A","RPL34A"
"YER058W","PET117"
"YER059W","PCL6"
"YER060W","FCY21"
"YER060W-A","FCY22"
"YER061C","CEM1"
"YER063W","THO1"
"YER064C","VHR2"
"YER065C","ICL1"
"YER066W","RRT13"
"YER067W","RGI1"
"YER068W","MOT2"
"YER069W","ARG5,6"
"YER070W","RNR1"
"YER073W","ALD5"
"YER074W","RPS24A"
"YER075C","PTP3"
"YER077C","MRX1"
"YER079W","YER079W"
"YER080W","AIM9"
"YER081W","SER3"
"YER083C","GET2"
"YER084W","YER084W"
"YER086W","ILV1"
"YER087C-A","YER087C-A"
"YER087W","AIM10"
"YER088C","DOT6"
"YER090W","TRP2"
"YER091C","MET6"
"YER093C","TSC11"
"YER095W","RAD51"
"YER096W","SHC1"
"YER098W","UBP9"
"YER100W","UBC6"
"YER102W","RPS8B"
"YER103W","SSA4"
"YER104W","RTT105"
"YER106W","MAM1"
"YER107C","GLE2"
"YER110C","KAP123"
"YER112W","LSM4"
"YER113C","TMN3"
"YER114C","BOI2"
"YER115C","SPR6"
"YER117W","RPL23B"
"YER120W","SCS2"
"YER123W","YCK3"
"YER125W","RSP5"
"YER127W","LCP5"
"YER128W","VFA1"
"YER132C","PMD1"
"YER133W","GLC7"
"YER134C","YER134C"
"YER136W","GDI1"
"YER137C","YER137C"
"YER140W","EMP65"
"YER141W","COX15"
"YER143W","DDI1"
"YER144C","UBP5"
"YER146W","LSM5"
"YER148W","SPT15"
"YER150W","SPI1"
"YER151C","UBP3"
"YER154W","OXA1"
"YER157W","COG3"
"YER158C","YER158C"
"YER159C","BUR6"
"YER160C","YER160C"
"YER161C","SPT2"
"YER162C","RAD4"
"YER165W","PAB1"
"YER166W","DNF1"
"YER167W","BCK2"
"YER169W","RPH1"
"YER170W","ADK2"
"YER171W","RAD3"
"YER174C","GRX4"
"YER176W","ECM32"
"YER177W","BMH1"
"YER179W","DMC1"
"YER180C","ISC10"
"YER182W","FMP10"
"YER183C","FAU1"
"YER185W","PUG1"
"YER186C","YER186C"
"YER188W","YER188W"
"YER190W","YRF1-2"
"YFL002C","SPB4"
"YFL003C","MSH4"
"YFL004W","VTC2"
"YFL005W","SEC4"
"YFL006W","None"
"YFL010C","WWM1"
"YFL011W","HXT10"
"YFL013C","IES1"
"YFL013W-A","YFL013W-A"
"YFL015C","YFL015C"
"YFL016C","MDJ1"
"YFL017C","GNA1"
"YFL018C","LPD1"
"YFL019C","YFL019C"
"YFL020C","PAU5"
"YFL022C","FRS2"
"YFL024C","EPL1"
"YFL029C","CAK1"
"YFL030W","AGX1"
"YFL034W","MIL1"
"YFL038C","YPT1"
"YFL039C","ACT1"
"YFL040W","YFL040W"
"YFL044C","OTU1"
"YFL046W","FMP32"
"YFL048C","EMP47"
"YFL050C","ALR2"
"YFL051C","YFL051C"
"YFL054C","AQY3"
"YFL055W","AGP3"
"YFL057C","None"
"YFL061W","DDI2"
"YFR002W","NIC96"
"YFR004W","RPN11"
"YFR006W","YFR006W"
"YFR007W","YFH7"
"YFR008W","FAR7"
"YFR009W","GCN20"
"YFR010W","UBP6"
"YFR011C","YFR011C"
"YFR012W","DCV1"
"YFR013W","IOC3"
"YFR014C","CMK1"
"YFR015C","GSY1"
"YFR016C","YFR016C"
"YFR017C","IGD1"
"YFR019W","FAB1"
"YFR021W","ATG18"
"YFR022W","ROG3"
"YFR025C","HIS2"
"YFR026C","ULI1"
"YFR028C","CDC14"
"YFR029W","PTR3"
"YFR030W","MET10"
"YFR031C","SMC2"
"YFR031C-A","RPL2A"
"YFR032C","RRT5"
"YFR032C-A","RPL29"
"YFR033C","QCR6"
"YFR034C","PHO4"
"YFR035C","YFR035C"
"YFR038W","IRC5"
"YFR040W","SAP155"
"YFR042W","KEG1"
"YFR043C","IRC6"
"YFR045W","YFR045W"
"YFR046C","CNN1"
"YFR048W","RMD8"
"YFR049W","YMR31"
"YFR050C","PRE4"
"YFR052W","RPN12"
"YFR054C","YFR054C"
"YFR055W","IRC7"
"YFR056C","YFR056C"
"YFR057W","YFR057W"
"YGL001C","ERG26"
"YGL005C","COG7"
"YGL006W","PMC1"
"YGL008C","PMA1"
"YGL009C","LEU1"
"YGL011C","SCL1"
"YGL013C","PDR1"
"YGL015C","YGL015C"
"YGL016W","KAP122"
"YGL018C","JAC1"
"YGL021W","ALK1"
"YGL026C","TRP5"
"YGL028C","SCW11"
"YGL031C","RPL24A"
"YGL032C","AGA2"
"YGL037C","PNC1"
"YGL038C","OCH1"
"YGL040C","HEM2"
"YGL041C","YGL041C"
"YGL042C","YGL042C"
"YGL044C","RNA15"
"YGL046W","None"
"YGL048C","RPT6"
"YGL050W","TYW3"
"YGL052W","YGL052W"
"YGL056C","SDS23"
"YGL058W","RAD6"
"YGL059W","PKP2"
"YGL061C","DUO1"
"YGL062W","PYC1"
"YGL064C","MRH4"
"YGL065C","ALG2"
"YGL069C","YGL069C"
"YGL070C","RPB9"
"YGL074C","YGL074C"
"YGL075C","MPS2"
"YGL076C","RPL7A"
"YGL077C","HNM1"
"YGL078C","DBP3"
"YGL079W","KXD1"
"YGL082W","YGL082W"
"YGL084C","GUP1"
"YGL085W","LCL3"
"YGL087C","MMS2"
"YGL089C","MF(ALPHA)2"
"YGL091C","NBP35"
"YGL096W","TOS8"
"YGL099W","LSG1"
"YGL100W","SEH1"
"YGL105W","ARC1"
"YGL107C","RMD9"
"YGL110C","CUE3"
"YGL112C","TAF6"
"YGL113W","SLD3"
"YGL114W","YGL114W"
"YGL115W","SNF4"
"YGL116W","CDC20"
"YGL118C","YGL118C"
"YGL120C","PRP43"
"YGL122C","NAB2"
"YGL124C","MON1"
"YGL125W","MET13"
"YGL128C","CWC23"
"YGL129C","RSM23"
"YGL131C","SNT2"
"YGL133W","ITC1"
"YGL134W","PCL10"
"YGL136C","MRM2"
"YGL138C","YGL138C"
"YGL140C","YGL140C"
"YGL142C","GPI10"
"YGL143C","MRF1"
"YGL144C","ROG1"
"YGL146C","RRT6"
"YGL147C","RPL9A"
"YGL150C","INO80"
"YGL152C","YGL152C"
"YGL154C","LYS5"
"YGL155W","CDC43"
"YGL156W","AMS1"
"YGL157W","ARI1"
"YGL159W","YGL159W"
"YGL161C","YIP5"
"YGL162W","SUT1"
"YGL163C","RAD54"
"YGL165C","YGL165C"
"YGL167C","PMR1"
"YGL168W","HUR1"
"YGL169W","SUA5"
"YGL170C","SPO74"
"YGL171W","ROK1"
"YGL173C","XRN1"
"YGL175C","SAE2"
"YGL177W","YGL177W"
"YGL179C","TOS3"
"YGL184C","STR3"
"YGL185C","YGL185C"
"YGL186C","TPN1"
"YGL187C","COX4"
"YGL188C","YGL188C"
"YGL189C","RPS26A"
"YGL190C","CDC55"
"YGL193C","YGL193C"
"YGL194C","HOS2"
"YGL195W","GCN1"
"YGL196W","DSD1"
"YGL199C","YGL199C"
"YGL200C","EMP24"
"YGL201C","MCM6"
"YGL202W","ARO8"
"YGL203C","KEX1"
"YGL204C","YGL204C"
"YGL207W","SPT16"
"YGL208W","SIP2"
"YGL209W","MIG2"
"YGL210W","YPT32"
"YGL211W","NCS6"
"YGL214W","YGL214W"
"YGL217C","YGL217C"
"YGL219C","MDM34"
"YGL221C","NIF3"
"YGL222C","EDC1"
"YGL223C","COG1"
"YGL224C","SDT1"
"YGL225W","VRG4"
"YGL226W","MTC3"
"YGL227W","VID30"
"YGL229C","SAP4"
"YGL230C","YGL230C"
"YGL231C","EMC4"
"YGL232W","TAN1"
"YGL233W","SEC15"
"YGL237C","HAP2"
"YGL238W","CSE1"
"YGL242C","YGL242C"
"YGL243W","TAD1"
"YGL247W","BRR6"
"YGL248W","PDE1"
"YGL249W","ZIP2"
"YGL251C","HFM1"
"YGL252C","RTG2"
"YGL253W","HXK2"
"YGL254W","FZF1"
"YGL255W","ZRT1"
"YGL257C","MNT2"
"YGL258W","VEL1"
"YGL259W","YPS5"
"YGL261C","PAU11"
"YGR001C","EFM5"
"YGR003W","CUL3"
"YGR004W","PEX31"
"YGR007W","ECT1"
"YGR008C","STF2"
"YGR011W","YGR011W"
"YGR012W","MCY1"
"YGR013W","SNU71"
"YGR014W","MSB2"
"YGR016W","YGR016W"
"YGR017W","YGR017W"
"YGR019W","UGA1"
"YGR021W","YGR021W"
"YGR023W","MTL1"
"YGR024C","THG1"
"YGR026W","YGR026W"
"YGR027C","RPS25A"
"YGR028W","MSP1"
"YGR029W","ERV1"
"YGR031W","IMO32"
"YGR032W","GSC2"
"YGR034W","RPL26B"
"YGR035C","YGR035C"
"YGR036C","CAX4"
"YGR039W","YGR039W"
"YGR040W","KSS1"
"YGR042W","MTE1"
"YGR046W","TAM41"
"YGR048W","UFD1"
"YGR049W","SCM4"
"YGR052W","FMP48"
"YGR054W","YGR054W"
"YGR055W","MUP1"
"YGR056W","RSC1"
"YGR058W","PEF1"
"YGR060W","ERG25"
"YGR061C","ADE6"
"YGR064W","YGR064W"
"YGR065C","VHT1"
"YGR066C","YGR066C"
"YGR069W","YGR069W"
"YGR070W","ROM1"
"YGR072W","UPF3"
"YGR074W","SMD1"
"YGR075C","PRP38"
"YGR076C","MRPL25"
"YGR077C","PEX8"
"YGR079W","YGR079W"
"YGR083C","GCD2"
"YGR084C","MRP13"
"YGR086C","PIL1"
"YGR087C","PDC6"
"YGR088W","CTT1"
"YGR089W","NNF2"
"YGR090W","UTP22"
"YGR091W","PRP31"
"YGR092W","DBF2"
"YGR093W","DRN1"
"YGR094W","VAS1"
"YGR096W","TPC1"
"YGR097W","ASK10"
"YGR099W","TEL2"
"YGR100W","MDR1"
"YGR101W","PCP1"
"YGR103W","NOP7"
"YGR105W","VMA21"
"YGR107W","YGR107W"
"YGR108W","CLB1"
"YGR110W","CLD1"
"YGR111W","YGR111W"
"YGR112W","SHY1"
"YGR113W","DAM1"
"YGR115C","YGR115C"
"YGR116W","SPT6"
"YGR118W","RPS23A"
"YGR119C","NUP57"
"YGR120C","COG2"
"YGR122C-A","YGR122C-A"
"YGR122W","YGR122W"
"YGR123C","PPT1"
"YGR125W","YGR125W"
"YGR126W","YGR126W"
"YGR127W","YGR127W"
"YGR129W","SYF2"
"YGR131W","FHN1"
"YGR133W","PEX4"
"YGR137W","YGR137W"
"YGR139W","YGR139W"
"YGR140W","CBF2"
"YGR141W","VPS62"
"YGR142W","BTN2"
"YGR143W","SKN1"
"YGR144W","THI4"
"YGR145W","ENP2"
"YGR146C","ECL1"
"YGR147C","NAT2"
"YGR149W","GPC1"
"YGR150C","CCM1"
"YGR153W","YGR153W"
"YGR155W","CYS4"
"YGR156W","PTI1"
"YGR157W","CHO2"
"YGR159C","NSR1"
"YGR160W","YGR160W"
"YGR161C","RTS3"
"YGR162W","TIF4631"
"YGR166W","TRS65"
"YGR167W","CLC1"
"YGR168C","YGR168C"
"YGR170W","PSD2"
"YGR171C","MSM1"
"YGR173W","RBG2"
"YGR174C","CBP4"
"YGR176W","YGR176W"
"YGR177C","ATF2"
"YGR178C","PBP1"
"YGR179C","OKP1"
"YGR181W","TIM13"
"YGR183C","QCR9"
"YGR186W","TFG1"
"YGR187C","HGH1"
"YGR188C","BUB1"
"YGR189C","CRH1"
"YGR190C","YGR190C"
"YGR191W","HIP1"
"YGR192C","TDH3"
"YGR195W","SKI6"
"YGR196C","FYV8"
"YGR200C","ELP2"
"YGR201C","YGR201C"
"YGR204W","ADE3"
"YGR205W","TDA10"
"YGR206W","MVB12"
"YGR208W","SER2"
"YGR209C","TRX2"
"YGR211W","ZPR1"
"YGR212W","SLI1"
"YGR218W","CRM1"
"YGR219W","YGR219W"
"YGR220C","MRPL9"
"YGR224W","AZR1"
"YGR225W","AMA1"
"YGR227W","DIE2"
"YGR230W","BNS1"
"YGR232W","NAS6"
"YGR234W","YHB1"
"YGR237C","YGR237C"
"YGR238C","KEL2"
"YGR239C","PEX21"
"YGR242W","YGR242W"
"YGR243W","MPC3"
"YGR245C","SDA1"
"YGR247W","CPD1"
"YGR248W","SOL4"
"YGR249W","MGA1"
"YGR250C","RIE1"
"YGR251W","NOP19"
"YGR252W","GCN5"
"YGR254W","ENO1"
"YGR256W","GND2"
"YGR257C","MTM1"
"YGR258C","RAD2"
"YGR259C","YGR259C"
"YGR260W","TNA1"
"YGR261C","APL6"
"YGR262C","BUD32"
"YGR265W","YGR265W"
"YGR266W","YGR266W"
"YGR269W","YGR269W"
"YGR270W","YTA7"
"YGR271W","SLH1"
"YGR272C","None"
"YGR276C","RNH70"
"YGR279C","SCW4"
"YGR281W","YOR1"
"YGR282C","BGL2"
"YGR283C","YGR283C"
"YGR284C","ERV29"
"YGR285C","ZUO1"
"YGR286C","BIO2"
"YGR288W","MAL13"
"YGR289C","MAL11"
"YGR290W","YGR290W"
"YGR292W","MAL12"
"YGR293C","YGR293C"
"YGR294W","PAU12"
"YHL001W","RPL14B"
"YHL003C","LAG1"
"YHL006C","SHU1"
"YHL007C","STE20"
"YHL009C","YAP3"
"YHL010C","ETP1"
"YHL011C","PRS3"
"YHL014C","YLF2"
"YHL016C","DUR3"
"YHL017W","YHL017W"
"YHL020C","OPI1"
"YHL021C","AIM17"
"YHL022C","SPO11"
"YHL023C","NPR3"
"YHL024W","RIM4"
"YHL026C","YHL026C"
"YHL027W","RIM101"
"YHL029C","OCA5"
"YHL031C","GOS1"
"YHL033C","RPL8A"
"YHL034C","SBP1"
"YHL037C","YHL037C"
"YHL038C","CBP2"
"YHL040C","ARN1"
"YHL042W","YHL042W"
"YHL043W","ECM34"
"YHL044W","YHL044W"
"YHL046C","PAU13"
"YHL047C","ARN2"
"YHR001W","OSH7"
"YHR001W-A","QCR10"
"YHR003C","TCD1"
"YHR005C","GPA1"
"YHR005C-A","TIM10"
"YHR006W","STP2"
"YHR007C","ERG11"
"YHR008C","SOD2"
"YHR011W","DIA4"
"YHR012W","VPS29"
"YHR015W","MIP6"
"YHR018C","ARG4"
"YHR020W","YHR020W"
"YHR021W-A","ECM12"
"YHR023W","MYO1"
"YHR026W","VMA16"
"YHR027C","RPN1"
"YHR028C","DAP2"
"YHR030C","SLT2"
"YHR032W","ERC1"
"YHR035W","NEL1"
"YHR036W","BRL1"
"YHR037W","PUT2"
"YHR040W","BCD1"
"YHR042W","NCP1"
"YHR043C","DOG2"
"YHR046C","INM1"
"YHR047C","AAP1"
"YHR048W","YHK8"
"YHR049W","FSH1"
"YHR050W","SMF2"
"YHR051W","COX6"
"YHR052W","CIC1"
"YHR054C","YHR054C"
"YHR057C","CPR2"
"YHR059W","FYV4"
"YHR062C","RPP1"
"YHR063C","PAN5"
"YHR064C","SSZ1"
"YHR067W","HTD2"
"YHR068W","DYS1"
"YHR070W","TRM5"
"YHR071W","PCL5"
"YHR074W","QNS1"
"YHR076W","PTC7"
"YHR079C","IRE1"
"YHR083W","SAM35"
"YHR084W","STE12"
"YHR085W","IPI1"
"YHR086W","NAM8"
"YHR088W","RPF1"
"YHR089C","GAR1"
"YHR091C","MSR1"
"YHR095W","YHR095W"
"YHR096C","HXT5"
"YHR097C","YHR097C"
"YHR099W","TRA1"
"YHR100C","GEP4"
"YHR102W","KIC1"
"YHR103W","SBE22"
"YHR104W","GRE3"
"YHR105W","YPT35"
"YHR106W","TRR2"
"YHR108W","GGA2"
"YHR113W","APE4"
"YHR116W","COX23"
"YHR117W","TOM71"
"YHR119W","SET1"
"YHR121W","LSM12"
"YHR123W","EPT1"
"YHR127W","YHR127W"
"YHR128W","FUR1"
"YHR129C","ARP1"
"YHR132C","ECM14"
"YHR135C","YCK1"
"YHR137W","ARO9"
"YHR138C","YHR138C"
"YHR139C","SPS100"
"YHR140W","YHR140W"
"YHR142W","CHS7"
"YHR143W","DSE2"
"YHR143W-A","RPC10"
"YHR144C","DCD1"
"YHR145C","YHR145C"
"YHR146W","CRP1"
"YHR150W","PEX28"
"YHR152W","SPO12"
"YHR155W","LAM1"
"YHR157W","REC104"
"YHR159W","TDA11"
"YHR160C","PEX18"
"YHR162W","MPC2"
"YHR163W","SOL3"
"YHR165C","PRP8"
"YHR167W","THP2"
"YHR168W","MTG2"
"YHR169W","DBP8"
"YHR170W","NMD3"
"YHR171W","ATG7"
"YHR172W","SPC97"
"YHR174W","ENO2"
"YHR178W","STB5"
"YHR179W","OYE2"
"YHR180W","YHR180W"
"YHR181W","SVP26"
"YHR182W","YHR182W"
"YHR183W","GND1"
"YHR185C","PFS1"
"YHR187W","IKI1"
"YHR189W","PTH1"
"YHR190W","ERG9"
"YHR192W","LNP1"
"YHR195W","NVJ1"
"YHR202W","YHR202W"
"YHR204W","MNL1"
"YHR205W","SCH9"
"YHR206W","SKN7"
"YHR208W","BAT1"
"YHR209W","CRG1"
"YHR211W","FLO5"
"YHR219W","YHR219W"
"YIL002C","INP51"
"YIL004C","BET1"
"YIL005W","EPS1"
"YIL007C","NAS2"
"YIL008W","URM1"
"YIL009W","FAA3"
"YIL013C","PDR11"
"YIL014W","MNT3"
"YIL018W","RPL2B"
"YIL021W","RPB3"
"YIL023C","YKE4"
"YIL026C","IRR1"
"YIL027C","YIL027C"
"YIL030C","SSM4"
"YIL033C","BCY1"
"YIL034C","CAP2"
"YIL035C","CKA1"
"YIL037C","PRM2"
"YIL038C","NOT3"
"YIL039W","TED1"
"YIL040W","APQ12"
"YIL042C","PKP1"
"YIL043C","CBR1"
"YIL044C","AGE2"
"YIL045W","PIG2"
"YIL059C","YIL059C"
"YIL061C","SNP1"
"YIL062C","ARC15"
"YIL063C","YRB2"
"YIL065C","FIS1"
"YIL066C","RNR3"
"YIL071C","PCI8"
"YIL073C","SPO22"
"YIL074C","SER33"
"YIL075C","RPN2"
"YIL077C","YIL077C"
"YIL079C","AIR1"
"YIL083C","CAB2"
"YIL084C","SDS3"
"YIL087C","AIM19"
"YIL091C","UTP25"
"YIL093C","RSM25"
"YIL094C","LYS12"
"YIL095W","PRK1"
"YIL096C","BMT5"
"YIL098C","FMC1"
"YIL099W","SGA1"
"YIL101C","XBP1"
"YIL107C","PFK26"
"YIL109C","SEC24"
"YIL110W","HPM1"
"YIL112W","HOS4"
"YIL115C","NUP159"
"YIL117C","PRM5"
"YIL118W","RHO3"
"YIL119C","RPI1"
"YIL120W","QDR1"
"YIL122W","POG1"
"YIL123W","SIM1"
"YIL127C","RRT14"
"YIL129C","TAO3"
"YIL131C","FKH1"
"YIL133C","RPL16A"
"YIL134W","FLX1"
"YIL135C","VHS2"
"YIL137C","TMA108"
"YIL138C","TPM2"
"YIL139C","REV7"
"YIL141W","YIL141W"
"YIL143C","SSL2"
"YIL145C","PAN6"
"YIL146C","ATG32"
"YIL147C","SLN1"
"YIL149C","MLP2"
"YIL150C","MCM10"
"YIL152W","YIL152W"
"YIL155C","GUT2"
"YIL157C","COA1"
"YIL158W","AIM20"
"YIL160C","POT1"
"YIL161W","YIL161W"
"YIL166C","YIL166C"
"YIL168W","None"
"YIL169C","YIL169C"
"YIR001C","SGN1"
"YIR003W","AIM21"
"YIR004W","DJP1"
"YIR007W","EGH1"
"YIR010W","DSN1"
"YIR012W","SQT1"
"YIR014W","YIR014W"
"YIR015W","RPR2"
"YIR016W","YIR016W"
"YIR018W","YAP5"
"YIR019C","YIR019C"
"YIR021W","MRS1"
"YIR023W","DAL81"
"YIR025W","MND2"
"YIR028W","DAL4"
"YIR029W","DAL2"
"YIR030C","DCG1"
"YIR031C","DAL7"
"YIR033W","MGA2"
"YIR034C","LYS1"
"YIR037W","HYR1"
"YIR038C","GTT1"
"YIR039C","YPS6"
"YIR041W","PAU15"
"YJL002C","OST1"
"YJL004C","SYS1"
"YJL005W","CYR1"
"YJL008C","CCT8"
"YJL010C","NOP9"
"YJL011C","RPC17"
"YJL012C","VTC4"
"YJL013C","MAD3"
"YJL015C","YJL015C"
"YJL016W","YJL016W"
"YJL017W","None"
"YJL021C","None"
"YJL023C","PET130"
"YJL024C","APS3"
"YJL027C","YJL027C"
"YJL028W","YJL028W"
"YJL029C","VPS53"
"YJL031C","BET4"
"YJL032W","YJL032W"
"YJL033W","HCA4"
"YJL035C","TAD2"
"YJL036W","SNX4"
"YJL039C","NUP192"
"YJL041W","NSP1"
"YJL042W","MHP1"
"YJL044C","GYP6"
"YJL048C","UBX6"
"YJL049W","CHM7"
"YJL050W","MTR4"
"YJL051W","IRC8"
"YJL052W","TDH1"
"YJL053W","PEP8"
"YJL054W","TIM54"
"YJL057C","IKS1"
"YJL058C","BIT61"
"YJL059W","YHC3"
"YJL060W","BNA3"
"YJL061W","NUP82"
"YJL066C","MPM1"
"YJL068C","YJL068C"
"YJL070C","YJL070C"
"YJL072C","PSF2"
"YJL075C","APQ13"
"YJL077C","ICS3"
"YJL078C","PRY3"
"YJL079C","PRY1"
"YJL080C","SCP160"
"YJL081C","ARP4"
"YJL084C","ALY2"
"YJL085W","EXO70"
"YJL087C","TRL1"
"YJL088W","ARG3"
"YJL090C","DPB11"
"YJL093C","TOK1"
"YJL094C","KHA1"
"YJL097W","PHS1"
"YJL098W","SAP185"
"YJL099W","CHS6"
"YJL101C","GSH1"
"YJL103C","GSM1"
"YJL108C","PRM10"
"YJL109C","UTP10"
"YJL110C","GZF3"
"YJL111W","CCT7"
"YJL114W","YJL114W"
"YJL116C","NCA3"
"YJL119C","YJL119C"
"YJL121C","RPE1"
"YJL123C","MTC1"
"YJL124C","LSM1"
"YJL125C","GCD14"
"YJL129C","TRK1"
"YJL130C","URA2"
"YJL131C","AIM23"
"YJL132W","YJL132W"
"YJL133W","MRS3"
"YJL136C","RPS21B"
"YJL137C","GLG2"
"YJL138C","TIF2"
"YJL142C","IRC9"
"YJL144W","YJL144W"
"YJL145W","SFH5"
"YJL147C","MRX5"
"YJL148W","RPA34"
"YJL153C","INO1"
"YJL154C","VPS35"
"YJL156C","SSY5"
"YJL157C","FAR1"
"YJL158C","CIS3"
"YJL159W","HSP150"
"YJL161W","FMP33"
"YJL162C","JJJ2"
"YJL163C","YJL163C"
"YJL164C","TPK1"
"YJL165C","HAL5"
"YJL168C","SET2"
"YJL170C","ASG7"
"YJL171C","TOH1"
"YJL173C","RFA3"
"YJL175W","YJL175W"
"YJL176C","SWI3"
"YJL178C","ATG27"
"YJL180C","ATP12"
"YJL182C","YJL182C"
"YJL188C","BUD19"
"YJL190C","RPS22A"
"YJL192C","SOP4"
"YJL195C","YJL195C"
"YJL196C","ELO1"
"YJL197W","UBP12"
"YJL199C","MBB1"
"YJL200C","ACO2"
"YJL202C","YJL202C"
"YJL204C","RCY1"
"YJL206C","YJL206C"
"YJL207C","LAA1"
"YJL208C","NUC1"
"YJL211C","YJL211C"
"YJL212C","OPT1"
"YJL216C","IMA5"
"YJL217W","REE1"
"YJR001W","AVT1"
"YJR002W","MPP10"
"YJR005W","APL1"
"YJR006W","POL31"
"YJR007W","SUI2"
"YJR008W","MHO1"
"YJR009C","TDH2"
"YJR010C-A","SPC1"
"YJR010W","MET3"
"YJR011C","YJR011C"
"YJR013W","GPI14"
"YJR014W","TMA22"
"YJR015W","YJR015W"
"YJR018W","YJR018W"
"YJR019C","TES1"
"YJR020W","YJR020W"
"YJR022W","LSM8"
"YJR024C","MDE1"
"YJR029W","YJR029W"
"YJR030C","RBH2"
"YJR032W","CPR7"
"YJR035W","RAD26"
"YJR037W","YJR037W"
"YJR039W","YJR039W"
"YJR042W","NUP85"
"YJR043C","POL32"
"YJR046W","TAH11"
"YJR048W","CYC1"
"YJR050W","ISY1"
"YJR051W","OSM1"
"YJR053W","BFA1"
"YJR054W","KCH1"
"YJR055W","HIT1"
"YJR056C","YJR056C"
"YJR057W","CDC8"
"YJR059W","PTK2"
"YJR060W","CBF1"
"YJR061W","YJR061W"
"YJR063W","RPA12"
"YJR064W","CCT5"
"YJR066W","TOR1"
"YJR070C","LIA1"
"YJR071W","YJR071W"
"YJR074W","MOG1"
"YJR076C","CDC11"
"YJR079W","YJR079W"
"YJR080C","AIM24"
"YJR082C","EAF6"
"YJR084W","YJR084W"
"YJR087W","YJR087W"
"YJR089W","BIR1"
"YJR092W","BUD4"
"YJR093C","FIP1"
"YJR094C","IME1"
"YJR094W-A","RPL43B"
"YJR095W","SFC1"
"YJR096W","YJR096W"
"YJR099W","YUH1"
"YJR101W","RSM26"
"YJR103W","URA8"
"YJR105W","ADO1"
"YJR106W","ECM27"
"YJR108W","ABM1"
"YJR110W","YMR1"
"YJR112W","NNF1"
"YJR114W","YJR114W"
"YJR115W","YJR115W"
"YJR116W","TDA4"
"YJR117W","STE24"
"YJR118C","ILM1"
"YJR120W","YJR120W"
"YJR121W","ATP2"
"YJR122W","IBA57"
"YJR124C","YJR124C"
"YJR125C","ENT3"
"YJR129C","EFM3"
"YJR131W","MNS1"
"YJR133W","XPT1"
"YJR135C","MCM22"
"YJR136C","TTI2"
"YJR139C","HOM6"
"YJR141W","IPA1"
"YJR142W","YJR142W"
"YJR144W","MGM101"
"YJR147W","HMS2"
"YJR148W","BAT2"
"YJR149W","YJR149W"
"YJR150C","DAN1"
"YJR151C","DAN4"
"YJR152W","DAL5"
"YJR153W","PGU1"
"YJR154W","YJR154W"
"YKL003C","MRP17"
"YKL005C","BYE1"
"YKL006W","RPL14A"
"YKL008C","LAC1"
"YKL010C","UFD4"
"YKL011C","CCE1"
"YKL013C","ARC19"
"YKL014C","URB1"
"YKL016C","ATP7"
"YKL018W","SWD2"
"YKL021C","MAK11"
"YKL022C","CDC16"
"YKL024C","URA6"
"YKL025C","PAN3"
"YKL026C","GPX1"
"YKL027W","TCD2"
"YKL029C","MAE1"
"YKL032C","IXR1"
"YKL033W","TTI1"
"YKL033W-A","YKL033W-A"
"YKL036C","YKL036C"
"YKL037W","AIM26"
"YKL038W","RGT1"
"YKL040C","NFU1"
"YKL041W","VPS24"
"YKL042W","SPC42"
"YKL043W","PHD1"
"YKL044W","MMO1"
"YKL046C","DCW1"
"YKL048C","ELM1"
"YKL049C","CSE4"
"YKL050C","YKL050C"
"YKL052C","ASK1"
"YKL053W","YKL053W"
"YKL055C","OAR1"
"YKL056C","TMA19"
"YKL057C","NUP120"
"YKL059C","MPE1"
"YKL061W","BLI1"
"YKL062W","MSN4"
"YKL063C","YKL063C"
"YKL067W","YNK1"
"YKL068W","NUP100"
"YKL072W","STB6"
"YKL076C","PSY1"
"YKL078W","DHR2"
"YKL079W","SMY1"
"YKL080W","VMA5"
"YKL082C","RRP14"
"YKL085W","MDH1"
"YKL087C","CYT2"
"YKL088W","CAB3"
"YKL089W","MIF2"
"YKL091C","YKL091C"
"YKL092C","BUD2"
"YKL094W","YJU3"
"YKL096W","CWP1"
"YKL099C","UTP11"
"YKL100C","YPF1"
"YKL102C","YKL102C"
"YKL103C","YKL103C"
"YKL104C","GFA1"
"YKL105C","SEG2"
"YKL106W","AAT1"
"YKL107W","YKL107W"
"YKL109W","HAP4"
"YKL113C","RAD27"
"YKL114C","APN1"
"YKL117W","SBA1"
"YKL118W","YKL118W"
"YKL120W","OAC1"
"YKL122C","SRP21"
"YKL124W","SSH4"
"YKL125W","RRN3"
"YKL126W","YPK1"
"YKL127W","PGM1"
"YKL128C","PMU1"
"YKL129C","MYO3"
"YKL130C","SHE2"
"YKL133C","YKL133C"
"YKL134C","OCT1"
"YKL135C","APL2"
"YKL136W","YKL136W"
"YKL138C","MRPL31"
"YKL139W","CTK1"
"YKL140W","TGL1"
"YKL141W","SDH3"
"YKL144C","RPC25"
"YKL149C","DBR1"
"YKL151C","NNR2"
"YKL152C","GPM1"
"YKL153W","YKL153W"
"YKL155C","RSM22"
"YKL156W","RPS27A"
"YKL159C","RCN1"
"YKL160W","ELF1"
"YKL161C","KDX1"
"YKL162C","YKL162C"
"YKL163W","PIR3"
"YKL164C","PIR1"
"YKL165C","MCD4"
"YKL166C","TPK3"
"YKL167C","MRP49"
"YKL168C","KKQ8"
"YKL169C","YKL169C"
"YKL170W","MRPL38"
"YKL171W","NNK1"
"YKL172W","EBP2"
"YKL174C","TPO5"
"YKL176C","LST4"
"YKL179C","COY1"
"YKL180W","RPL17A"
"YKL181W","PRS1"
"YKL182W","FAS1"
"YKL183W","LOT5"
"YKL184W","SPE1"
"YKL186C","MTR2"
"YKL187C","FAT3"
"YKL188C","PXA2"
"YKL189W","HYM1"
"YKL190W","CNB1"
"YKL193C","SDS22"
"YKL196C","YKT6"
"YKL197C","PEX1"
"YKL206C","ADD66"
"YKL207W","YKL207W"
"YKL208W","CBT1"
"YKL209C","STE6"
"YKL210W","UBA1"
"YKL211C","TRP3"
"YKL214C","YRA2"
"YKL215C","OXP1"
"YKL216W","URA1"
"YKL217W","JEN1"
"YKL218C","SRY1"
"YKL220C","FRE2"
"YKL224C","PAU16"
"YKR002W","PAP1"
"YKR003W","OSH6"
"YKR004C","ECM9"
"YKR007W","MEH1"
"YKR008W","RSC4"
"YKR009C","FOX2"
"YKR012C","YKR012C"
"YKR013W","PRY2"
"YKR014C","YPT52"
"YKR017C","HEL1"
"YKR020W","VPS51"
"YKR023W","YKR023W"
"YKR025W","RPC37"
"YKR026C","GCN3"
"YKR027W","BCH2"
"YKR028W","SAP190"
"YKR030W","GMH1"
"YKR035C","OPI8"
"YKR035W-A","DID2"
"YKR036C","CAF4"
"YKR037C","SPC34"
"YKR038C","KAE1"
"YKR039W","GAP1"
"YKR042W","UTH1"
"YKR044W","UIP5"
"YKR045C","YKR045C"
"YKR047W","YKR047W"
"YKR048C","NAP1"
"YKR050W","TRK2"
"YKR051W","YKR051W"
"YKR052C","MRS4"
"YKR053C","YSR3"
"YKR055W","RHO4"
"YKR056W","TRM2"
"YKR058W","GLG1"
"YKR059W","TIF1"
"YKR060W","UTP30"
"YKR061W","KTR2"
"YKR062W","TFA2"
"YKR064W","OAF3"
"YKR065C","PAM17"
"YKR067W","GPT2"
"YKR069W","MET1"
"YKR070W","YKR070W"
"YKR071C","DRE2"
"YKR072C","SIS2"
"YKR074W","AIM29"
"YKR075C","YKR075C"
"YKR076W","ECM4"
"YKR082W","NUP133"
"YKR087C","OMA1"
"YKR088C","TVP38"
"YKR090W","PXL1"
"YKR092C","SRP40"
"YKR093W","PTR2"
"YKR095W","MLP1"
"YKR096W","ESL2"
"YKR097W","PCK1"
"YKR099W","BAS1"
"YKR102W","FLO10"
"YKR103W","NFT1"
"YLL001W","DNM1"
"YLL002W","RTT109"
"YLL003W","SFI1"
"YLL005C","SPO75"
"YLL007C","LMO1"
"YLL009C","COX17"
"YLL010C","PSR1"
"YLL011W","SOF1"
"YLL013C","PUF3"
"YLL014W","EMC6"
"YLL015W","BPT1"
"YLL016W","SDC25"
"YLL018C","DPS1"
"YLL018C-A","COX19"
"YLL020C","YLL020C"
"YLL022C","HIF1"
"YLL024C","SSA2"
"YLL025W","PAU17"
"YLL026W","HSP104"
"YLL027W","ISA1"
"YLL028W","TPO1"
"YLL030C","RRT7"
"YLL031C","GPI13"
"YLL032C","YLL032C"
"YLL034C","RIX7"
"YLL038C","ENT4"
"YLL039C","UBI4"
"YLL040C","VPS13"
"YLL041C","SDH2"
"YLL045C","RPL8B"
"YLL046C","RNP1"
"YLL048C","YBT1"
"YLL050C","COF1"
"YLL051C","FRE6"
"YLL053C","YLL053C"
"YLL055W","YCT1"
"YLL056C","YLL056C"
"YLL057C","JLP1"
"YLL059C","YLL059C"
"YLL060C","GTT2"
"YLL063C","AYT1"
"YLL064C","PAU18"
"YLL065W","YLL065W"
"YLR001C","YLR001C"
"YLR002C","NOC3"
"YLR003C","CMS1"
"YLR007W","NSE1"
"YLR010C","TEN1"
"YLR011W","LOT6"
"YLR015W","BRE2"
"YLR017W","MEU1"
"YLR019W","PSR2"
"YLR021W","IRC25"
"YLR022C","SDO1"
"YLR023C","IZH3"
"YLR025W","SNF7"
"YLR026C","SED5"
"YLR027C","AAT2"
"YLR028C","ADE16"
"YLR030W","YLR030W"
"YLR031W","YLR031W"
"YLR032W","RAD5"
"YLR033W","RSC58"
"YLR034C","SMF3"
"YLR035C","MLH2"
"YLR037C","PAU23"
"YLR038C","COX12"
"YLR040C","AFB1"
"YLR042C","YLR042C"
"YLR043C","TRX1"
"YLR044C","PDC1"
"YLR045C","STU2"
"YLR046C","YLR046C"
"YLR048W","RPS0B"
"YLR049C","YLR049C"
"YLR052W","IES3"
"YLR053C","YLR053C"
"YLR054C","OSW2"
"YLR056W","ERG3"
"YLR057W","MNL2"
"YLR058C","SHM2"
"YLR060W","FRS1"
"YLR061W","RPL22A"
"YLR063W","BMT6"
"YLR064W","PER33"
"YLR066W","SPC3"
"YLR068W","FYV7"
"YLR069C","MEF1"
"YLR070C","XYL2"
"YLR072W","LAM6"
"YLR073C","RFU1"
"YLR077W","FMP25"
"YLR082C","SRL2"
"YLR083C","EMP70"
"YLR084C","RAX2"
"YLR086W","SMC4"
"YLR088W","GAA1"
"YLR090W","XDJ1"
"YLR091W","GEP5"
"YLR092W","SUL2"
"YLR094C","GIS3"
"YLR096W","KIN2"
"YLR097C","HRT3"
"YLR098C","CHA4"
"YLR102C","APC9"
"YLR104W","LCL2"
"YLR105C","SEN2"
"YLR107W","REX3"
"YLR109W","AHP1"
"YLR111W","YLR111W"
"YLR112W","YLR112W"
"YLR113W","HOG1"
"YLR115W","CFT2"
"YLR116W","MSL5"
"YLR117C","CLF1"
"YLR119W","SRN2"
"YLR120C","YPS1"
"YLR121C","YPS3"
"YLR124W","YLR124W"
"YLR125W","YLR125W"
"YLR128W","DCN1"
"YLR129W","DIP2"
"YLR130C","ZRT2"
"YLR131C","ACE2"
"YLR133W","CKI1"
"YLR134W","PDC5"
"YLR135W","SLX4"
"YLR137W","RKM5"
"YLR138W","NHA1"
"YLR141W","RRN5"
"YLR142W","PUT1"
"YLR145W","RMP1"
"YLR146C","SPE4"
"YLR148W","PEP3"
"YLR150W","STM1"
"YLR151C","PCD1"
"YLR152C","YLR152C"
"YLR153C","ACS2"
"YLR154C","RNH203"
"YLR165C","PUS5"
"YLR167W","RPS31"
"YLR170C","APS1"
"YLR171W","YLR171W"
"YLR175W","CBF5"
"YLR177W","YLR177W"
"YLR178C","TFS1"
"YLR180W","SAM1"
"YLR182W","SWI6"
"YLR185W","RPL37A"
"YLR187W","SKG3"
"YLR188W","MDL1"
"YLR191W","PEX13"
"YLR192C","HCR1"
"YLR194C","NCW2"
"YLR197W","NOP56"
"YLR198C","YLR198C"
"YLR200W","YKE2"
"YLR204W","QRI5"
"YLR206W","ENT2"
"YLR207W","HRD3"
"YLR208W","SEC13"
"YLR210W","CLB4"
"YLR211C","ATG38"
"YLR214W","FRE1"
"YLR216C","CPR6"
"YLR217W","YLR217W"
"YLR220W","CCC1"
"YLR222C","UTP13"
"YLR224W","UCC1"
"YLR226W","BUR2"
"YLR227C","ADY4"
"YLR228C","ECM22"
"YLR229C","CDC42"
"YLR230W","YLR230W"
"YLR231C","BNA5"
"YLR237W","THI7"
"YLR238W","FAR10"
"YLR240W","VPS34"
"YLR241W","CSC1"
"YLR243W","GPN3"
"YLR244C","MAP1"
"YLR246W","ERF2"
"YLR249W","YEF3"
"YLR250W","SSP120"
"YLR252W","YLR252W"
"YLR253W","MCP2"
"YLR257W","YLR257W"
"YLR258W","GSY2"
"YLR260W","LCB5"
"YLR263W","RED1"
"YLR264W","RPS28B"
"YLR265C","NEJ1"
"YLR267W","BOP2"
"YLR270W","DCS1"
"YLR272C","YCS4"
"YLR275W","SMD2"
"YLR276C","DBP9"
"YLR277C","YSH1"
"YLR279W","YLR279W"
"YLR282C","YLR282C"
"YLR283W","YLR283W"
"YLR285W","NNT1"
"YLR286C","CTS1"
"YLR287C","YLR287C"
"YLR287C-A","RPS30A"
"YLR290C","COQ11"
"YLR291C","GCD7"
"YLR292C","SEC72"
"YLR293C","GSP1"
"YLR297W","YLR297W"
"YLR300W","EXG1"
"YLR301W","HRI1"
"YLR302C","YLR302C"
"YLR303W","MET17"
"YLR304C","ACO1"
"YLR306W","UBC12"
"YLR307W","CDA1"
"YLR309C","IMH1"
"YLR310C","CDC25"
"YLR312W-A","MRPL15"
"YLR313C","SPH1"
"YLR317W","YLR317W"
"YLR320W","MMS22"
"YLR324W","PEX30"
"YLR326W","YLR326W"
"YLR328W","NMA1"
"YLR329W","REC102"
"YLR330W","CHS5"
"YLR331C","JIP3"
"YLR332W","MID2"
"YLR333C","RPS25B"
"YLR334C","YLR334C"
"YLR335W","NUP2"
"YLR338W","OPI9"
"YLR340W","RPP0"
"YLR341W","SPO77"
"YLR342W","FKS1"
"YLR343W","GAS2"
"YLR345W","YLR345W"
"YLR349W","YLR349W"
"YLR350W","ORM2"
"YLR352W","YLR352W"
"YLR353W","BUD8"
"YLR354C","TAL1"
"YLR356W","ATG33"
"YLR357W","RSC2"
"YLR359W","ADE13"
"YLR360W","VPS38"
"YLR362W","STE11"
"YLR364W","GRX8"
"YLR367W","RPS22B"
"YLR368W","MDM30"
"YLR369W","SSQ1"
"YLR371W","ROM2"
"YLR372W","YLR372W"
"YLR374C","YLR374C"
"YLR375W","STP3"
"YLR377C","FBP1"
"YLR379W","YLR379W"
"YLR380W","CSR1"
"YLR381W","CTF3"
"YLR383W","SMC6"
"YLR384C","IKI3"
"YLR386W","VAC14"
"YLR388W","RPS29A"
"YLR390W","ECM19"
"YLR394W","CST9"
"YLR395C","COX8"
"YLR396C","VPS33"
"YLR397C","AFG2"
"YLR400W","YLR400W"
"YLR402W","YLR402W"
"YLR405W","DUS4"
"YLR407W","YLR407W"
"YLR408C","BLS1"
"YLR411W","CTR3"
"YLR412W","BER1"
"YLR413W","INA1"
"YLR414C","PUN1"
"YLR417W","VPS36"
"YLR419W","YLR419W"
"YLR420W","URA4"
"YLR422W","DCK1"
"YLR424W","SPP382"
"YLR427W","MAG2"
"YLR429W","CRN1"
"YLR430W","SEN1"
"YLR432W","IMD3"
"YLR434C","YLR434C"
"YLR435W","TSR2"
"YLR436C","ECM30"
"YLR438W","CAR2"
"YLR439W","MRPL4"
"YLR440C","SEC39"
"YLR441C","RPS1A"
"YLR446W","YLR446W"
"YLR448W","RPL6B"
"YLR449W","FPR4"
"YLR450W","HMG2"
"YLR451W","LEU3"
"YLR452C","SST2"
"YLR455W","PDP3"
"YLR456W","YLR456W"
"YLR459W","GAB1"
"YLR461W","PAU4"
"YML001W","YPT7"
"YML002W","YML002W"
"YML004C","GLO1"
"YML005W","TRM12"
"YML006C","GIS4"
"YML008C","ERG6"
"YML009C","MRPL39"
"YML010C-B","None"
"YML011C","RAD33"
"YML013C-A","None"
"YML013W","UBX2"
"YML015C","TAF11"
"YML016C","PPZ1"
"YML019W","OST6"
"YML021C","UNG1"
"YML023C","NSE5"
"YML025C","YML6"
"YML026C","RPS18B"
"YML027W","YOX1"
"YML028W","TSA1"
"YML029W","USA1"
"YML032C","RAD52"
"YML037C","YML037C"
"YML038C","YMD8"
"YML040W","YML040W"
"YML043C","RRN11"
"YML047C","PRM6"
"YML048W-A","None"
"YML049C","RSE1"
"YML050W","AIM32"
"YML051W","GAL80"
"YML056C","IMD4"
"YML057W","CMP2"
"YML059C","NTE1"
"YML061C","PIF1"
"YML062C","MFT1"
"YML064C","TEM1"
"YML066C","SMA2"
"YML068W","ITT1"
"YML069W","POB3"
"YML070W","DAK1"
"YML071C","COG8"
"YML073C","RPL6A"
"YML074C","FPR3"
"YML075C","HMG1"
"YML076C","WAR1"
"YML077W","BET5"
"YML078W","CPR3"
"YML079W","YML079W"
"YML080W","DUS1"
"YML081W","TDA9"
"YML083C","YML083C"
"YML085C","TUB1"
"YML086C","ALO1"
"YML091C","RPM2"
"YML092C","PRE8"
"YML095C","RAD10"
"YML095C-A","None"
"YML097C","VPS9"
"YML099C","ARG81"
"YML100W-A","YML100W-A"
"YML102C-A","None"
"YML103C","NUP188"
"YML104C","MDM1"
"YML105C","SEC65"
"YML107C","PML39"
"YML108W","YML108W"
"YML110C","COQ5"
"YML111W","BUL2"
"YML114C","TAF8"
"YML115C","VAN1"
"YML116W","ATR1"
"YML117W-A","None"
"YML118W","NGL3"
"YML120C","NDI1"
"YML123C","PHO84"
"YML124C","TUB3"
"YML125C","PGA3"
"YML126C","ERG13"
"YML128C","MSC1"
"YML129C","COX14"
"YML130C","ERO1"
"YML131W","YML131W"
"YMR002W","MIX17"
"YMR003W","AIM34"
"YMR005W","TAF4"
"YMR007W","YMR007W"
"YMR009W","ADI1"
"YMR010W","ANY1"
"YMR011W","HXT2"
"YMR012W","CLU1"
"YMR013C","SEC59"
"YMR014W","BUD22"
"YMR015C","ERG5"
"YMR016C","SOK2"
"YMR020W","FMS1"
"YMR023C","MSS1"
"YMR025W","CSI1"
"YMR028W","TAP42"
"YMR030W","RSF1"
"YMR032W","HOF1"
"YMR033W","ARP9"
"YMR035W","IMP2"
"YMR036C","MIH1"
"YMR037C","MSN2"
"YMR038C","CCS1"
"YMR040W","YET2"
"YMR041C","ARA2"
"YMR042W","ARG80"
"YMR044W","IOC4"
"YMR046C","YMR046C"
"YMR046W-A","YMR046W-A"
"YMR048W","CSM3"
"YMR049C","ERB1"
"YMR051C","YMR051C"
"YMR052W","FAR3"
"YMR054W","STV1"
"YMR055C","BUB2"
"YMR056C","AAC1"
"YMR058W","FET3"
"YMR059W","SEN15"
"YMR061W","RNA14"
"YMR063W","RIM9"
"YMR064W","AEP1"
"YMR066W","SOV1"
"YMR068W","AVO2"
"YMR070W","MOT3"
"YMR072W","ABF2"
"YMR073C","IRC21"
"YMR075W","RCO1"
"YMR076C","PDS5"
"YMR077C","VPS20"
"YMR079W","SEC14"
"YMR081C","ISF1"
"YMR085W","YMR085W"
"YMR087W","YMR087W"
"YMR088C","VBA1"
"YMR090W","YMR090W"
"YMR091C","NPL6"
"YMR093W","UTP15"
"YMR094W","CTF13"
"YMR096W","SNZ1"
"YMR097C","MTG1"
"YMR098C","ATP25"
"YMR100W","MUB1"
"YMR101C","SRT1"
"YMR102C","YMR102C"
"YMR104C","YPK2"
"YMR106C","YKU80"
"YMR107W","SPG4"
"YMR108W","ILV2"
"YMR109W","MYO5"
"YMR111C","YMR111C"
"YMR113W","FOL3"
"YMR115W","MGR3"
"YMR117C","SPC24"
"YMR118C","SHH3"
"YMR119W-A","YMR119W-A"
"YMR120C","ADE17"
"YMR122C","YMR122C"
"YMR124W","EPO1"
"YMR125W","STO1"
"YMR126C","DLT1"
"YMR128W","ECM16"
"YMR129W","POM152"
"YMR130W","YMR130W"
"YMR131C","RRB1"
"YMR134W","ERG29"
"YMR135W-A","YMR135W-A"
"YMR136W","GAT2"
"YMR138W","CIN4"
"YMR139W","RIM11"
"YMR140W","SIP5"
"YMR141C","YMR141C"
"YMR144W","FDO1"
"YMR145C","NDE1"
"YMR147W","YMR147W"
"YMR148W","OSW5"
"YMR149W","SWP1"
"YMR152W","YIM1"
"YMR153C-A","YMR153C-A"
"YMR153W","NUP53"
"YMR155W","YMR155W"
"YMR156C","TPP1"
"YMR160W","YMR160W"
"YMR161W","HLJ1"
"YMR162C","DNF3"
"YMR163C","INP2"
"YMR165C","PAH1"
"YMR167W","MLH1"
"YMR169C","ALD3"
"YMR170C","ALD2"
"YMR172W","HOT1"
"YMR176W","ECM5"
"YMR177W","MMT1"
"YMR178W","YMR178W"
"YMR179W","SPT21"
"YMR180C","CTL1"
"YMR182C","RGM1"
"YMR185W","RTP1"
"YMR186W","HSC82"
"YMR187C","YMR187C"
"YMR189W","GCV2"
"YMR191W","SPG5"
"YMR193C-A","YMR193C-A"
"YMR193W","MRPL24"
"YMR195W","ICY1"
"YMR196W","YMR196W"
"YMR198W","CIK1"
"YMR199W","CLN1"
"YMR200W","ROT1"
"YMR202W","ERG2"
"YMR203W","TOM40"
"YMR204C","INP1"
"YMR206W","YMR206W"
"YMR208W","ERG12"
"YMR210W","MGL2"
"YMR211W","DML1"
"YMR213W","CEF1"
"YMR214W","SCJ1"
"YMR215W","GAS3"
"YMR219W","ESC1"
"YMR220W","ERG8"
"YMR221C","FMP42"
"YMR226C","YMR226C"
"YMR228W","MTF1"
"YMR231W","PEP5"
"YMR232W","FUS2"
"YMR233W","TRI1"
"YMR234W","RNH1"
"YMR236W","TAF9"
"YMR238W","DFG5"
"YMR239C","RNT1"
"YMR241W","YHM2"
"YMR242C","RPL20A"
"YMR244W","YMR244W"
"YMR245W","YMR245W"
"YMR247C","RKR1"
"YMR250W","GAD1"
"YMR251W","GTO3"
"YMR251W-A","HOR7"
"YMR253C","YMR253C"
"YMR257C","PET111"
"YMR259C","TRM732"
"YMR262W","YMR262W"
"YMR267W","PPA2"
"YMR269W","TMA23"
"YMR270C","RRN9"
"YMR272C","SCS7"
"YMR273C","ZDS1"
"YMR274C","RCE1"
"YMR276W","DSK2"
"YMR277W","FCP1"
"YMR278W","PRM15"
"YMR279C","YMR279C"
"YMR282C","AEP2"
"YMR283C","RIT1"
"YMR284W","YKU70"
"YMR286W","MRPL33"
"YMR288W","HSH155"
"YMR290W-A","YMR290W-A"
"YMR292W","GOT1"
"YMR294W","JNM1"
"YMR294W-A","YMR294W-A"
"YMR295C","YMR295C"
"YMR297W","PRC1"
"YMR299C","DYN3"
"YMR300C","ADE4"
"YMR301C","ATM1"
"YMR302C","YME2"
"YMR304W","UBP15"
"YMR306W","FKS3"
"YMR307W","GAS1"
"YMR308C","PSE1"
"YMR309C","NIP1"
"YMR310C","YMR310C"
"YMR312W","ELP6"
"YMR314W","PRE5"
"YMR315W","YMR315W"
"YMR316W","DIA1"
"YMR318C","ADH6"
"YMR319C","FET4"
"YMR320W","YMR320W"
"YMR321C","YMR321C"
"YMR325W","PAU19"
"YNL005C","MRP7"
"YNL007C","SIS1"
"YNL008C","ASI3"
"YNL009W","IDP3"
"YNL011C","YNL011C"
"YNL013C","YNL013C"
"YNL014W","HEF3"
"YNL015W","PBI2"
"YNL017C","YNL017C"
"YNL018C","YNL018C"
"YNL019C","YNL019C"
"YNL020C","ARK1"
"YNL022C","RCM1"
"YNL023C","FAP1"
"YNL024C","EFM6"
"YNL025C","SSN8"
"YNL026W","SAM50"
"YNL029C","KTR5"
"YNL031C","HHT2"
"YNL033W","YNL033W"
"YNL034W","YNL034W"
"YNL035C","YNL035C"
"YNL037C","IDH1"
"YNL038W","GPI15"
"YNL039W","BDP1"
"YNL041C","COG6"
"YNL042W","BOP3"
"YNL043C","YNL043C"
"YNL044W","YIP3"
"YNL045W","LAP2"
"YNL049C","SFB2"
"YNL051W","COG5"
"YNL052W","COX5A"
"YNL053W","MSG5"
"YNL054W","VAC7"
"YNL055C","POR1"
"YNL058C","YNL058C"
"YNL059C","ARP5"
"YNL062C","GCD10"
"YNL064C","YDJ1"
"YNL065W","AQR1"
"YNL066W","SUN4"
"YNL068C","FKH2"
"YNL069C","RPL16B"
"YNL070W","TOM7"
"YNL071W","LAT1"
"YNL072W","RNH201"
"YNL074C","MLF3"
"YNL075W","IMP4"
"YNL076W","MKS1"
"YNL079C","TPM1"
"YNL080C","EOS1"
"YNL081C","SWS2"
"YNL082W","PMS1"
"YNL084C","END3"
"YNL085W","MKT1"
"YNL087W","TCB2"
"YNL089C","YNL089C"
"YNL090W","RHO2"
"YNL092W","YNL092W"
"YNL093W","YPT53"
"YNL095C","YNL095C"
"YNL096C","RPS7B"
"YNL097C","PHO23"
"YNL098C","RAS2"
"YNL099C","OCA1"
"YNL100W","YNL100W"
"YNL101W","AVT4"
"YNL102W","POL1"
"YNL104C","LEU4"
"YNL105W","RRT16"
"YNL106C","INP52"
"YNL108C","YNL108C"
"YNL110C","NOP15"
"YNL114C","YNL114C"
"YNL115C","YNL115C"
"YNL116W","DMA2"
"YNL118C","DCP2"
"YNL121C","TOM70"
"YNL122C","YNL122C"
"YNL123W","NMA111"
"YNL125C","ESBP6"
"YNL127W","FAR11"
"YNL128W","TEP1"
"YNL130C","CPT1"
"YNL131W","TOM22"
"YNL132W","KRE33"
"YNL133C","FYV6"
"YNL134C","YNL134C"
"YNL135C","FPR1"
"YNL137C","NAM9"
"YNL140C","YNL140C"
"YNL141W","AAH1"
"YNL143C","YNL143C"
"YNL144C","YNL144C"
"YNL145W","MFA2"
"YNL148C","ALF1"
"YNL149C","PGA2"
"YNL151C","RPC31"
"YNL153C","GIM3"
"YNL154C","YCK2"
"YNL156C","NSG2"
"YNL157W","IGO1"
"YNL159C","ASI2"
"YNL160W","YGP1"
"YNL161W","CBK1"
"YNL164C","IBD2"
"YNL166C","BNI5"
"YNL167C","SKO1"
"YNL171C","YNL171C"
"YNL173C","MDG1"
"YNL176C","TDA7"
"YNL177C","MRPL22"
"YNL178W","RPS3"
"YNL180C","RHO5"
"YNL182C","IPI3"
"YNL183C","NPR1"
"YNL185C","MRPL19"
"YNL186W","UBP10"
"YNL187W","SWT21"
"YNL188W","KAR1"
"YNL189W","SRP1"
"YNL190W","YNL190W"
"YNL191W","DUG3"
"YNL192W","CHS1"
"YNL194C","YNL194C"
"YNL195C","YNL195C"
"YNL196C","SLZ1"
"YNL197C","WHI3"
"YNL199C","GCR2"
"YNL200C","NNR1"
"YNL201C","PSY2"
"YNL207W","RIO2"
"YNL209W","SSB2"
"YNL211C","MRX7"
"YNL213C","RRG9"
"YNL214W","PEX17"
"YNL215W","IES2"
"YNL216W","RAP1"
"YNL217W","YNL217W"
"YNL219C","ALG9"
"YNL221C","POP1"
"YNL222W","SSU72"
"YNL224C","SQS1"
"YNL229C","URE2"
"YNL230C","ELA1"
"YNL231C","PDR16"
"YNL232W","CSL4"
"YNL233W","BNI4"
"YNL235C","YNL235C"
"YNL236W","SIN4"
"YNL237W","YTP1"
"YNL238W","KEX2"
"YNL240C","NAR1"
"YNL241C","ZWF1"
"YNL242W","ATG2"
"YNL244C","SUI1"
"YNL248C","RPA49"
"YNL251C","NRD1"
"YNL252C","MRPL17"
"YNL254C","RTC4"
"YNL255C","GIS2"
"YNL257C","SIP3"
"YNL258C","DSL1"
"YNL259C","ATX1"
"YNL260C","LTO1"
"YNL261W","ORC5"
"YNL263C","YIF1"
"YNL264C","PDR17"
"YNL267W","PIK1"
"YNL270C","ALP1"
"YNL271C","BNI1"
"YNL272C","SEC2"
"YNL274C","GOR1"
"YNL277W","MET2"
"YNL280C","ERG24"
"YNL281W","HCH1"
"YNL283C","WSC2"
"YNL285W","YNL285W"
"YNL286W","CUS2"
"YNL287W","SEC21"
"YNL288W","CAF40"
"YNL289W","PCL1"
"YNL291C","MID1"
"YNL292W","PUS4"
"YNL294C","RIM21"
"YNL296W","YNL296W"
"YNL297C","MON2"
"YNL298W","CLA4"
"YNL299W","TRF5"
"YNL301C","RPL18B"
"YNL302C","RPS19B"
"YNL305C","BXI1"
"YNL307C","MCK1"
"YNL308C","KRI1"
"YNL310C","ZIM17"
"YNL311C","SKP2"
"YNL313C","EMW1"
"YNL315C","ATP11"
"YNL316C","PHA2"
"YNL319W","YNL319W"
"YNL320W","YNL320W"
"YNL322C","KRE1"
"YNL325C","FIG4"
"YNL326C","PFA3"
"YNL328C","MDJ2"
"YNL329C","PEX6"
"YNL330C","RPD3"
"YNL331C","AAD14"
"YNR001C","CIT1"
"YNR002C","ATO2"
"YNR004W","SWM2"
"YNR005C","YNR005C"
"YNR006W","VPS27"
"YNR008W","LRO1"
"YNR009W","NRM1"
"YNR010W","CSE2"
"YNR012W","URK1"
"YNR016C","ACC1"
"YNR017W","TIM23"
"YNR018W","RCF2"
"YNR019W","ARE2"
"YNR023W","SNF12"
"YNR024W","MPP6"
"YNR025C","YNR025C"
"YNR027W","BUD17"
"YNR028W","CPR8"
"YNR030W","ALG12"
"YNR032W","PPG1"
"YNR033W","ABZ1"
"YNR036C","MRPS12"
"YNR038W","DBP6"
"YNR040W","YNR040W"
"YNR043W","MVD1"
"YNR044W","AGA1"
"YNR045W","PET494"
"YNR046W","TRM112"
"YNR047W","FPK1"
"YNR048W","YNR048W"
"YNR050C","LYS9"
"YNR051C","BRE5"
"YNR053C","NOG2"
"YNR054C","ESF2"
"YNR055C","HOL1"
"YNR058W","BIO3"
"YNR059W","MNT4"
"YNR060W","FRE4"
"YNR061C","YNR061C"
"YNR062C","YNR062C"
"YNR063W","YNR063W"
"YNR064C","YNR064C"
"YNR066C","YNR066C"
"YNR069C","BSC5"
"YNR072W","HXT17"
"YNR073C","MAN2"
"YNR076W","PAU6"
"YOL002C","IZH2"
"YOL003C","PFA4"
"YOL005C","RPB11"
"YOL006C","TOP1"
"YOL007C","CSI2"
"YOL009C","MDM12"
"YOL013C","HRD1"
"YOL014W","YOL014W"
"YOL016C","CMK2"
"YOL018C","TLG2"
"YOL019W","YOL019W"
"YOL021C","DIS3"
"YOL022C","TSR4"
"YOL023W","IFM1"
"YOL025W","LAG2"
"YOL026C","MIM1"
"YOL027C","MDM38"
"YOL028C","YAP7"
"YOL029C","YOL029C"
"YOL031C","SIL1"
"YOL032W","OPI10"
"YOL033W","MSE1"
"YOL034W","SMC5"
"YOL040C","RPS15"
"YOL041C","NOP12"
"YOL043C","NTG2"
"YOL046C","YOL046C"
"YOL047C","LDS2"
"YOL050C","YOL050C"
"YOL052C","SPE2"
"YOL053W","AIM39"
"YOL054W","PSH1"
"YOL055C","THI20"
"YOL056W","GPM3"
"YOL057W","YOL057W"
"YOL058W","ARG1"
"YOL060C","MAM3"
"YOL062C","APM4"
"YOL063C","CRT10"
"YOL064C","MET22"
"YOL065C","INP54"
"YOL067C","RTG1"
"YOL068C","HST1"
"YOL070C","NBA1"
"YOL073C","DSC2"
"YOL077C","BRX1"
"YOL079W","YOL079W"
"YOL080C","REX4"
"YOL081W","IRA2"
"YOL082W","ATG19"
"YOL083W","ATG34"
"YOL086C","ADH1"
"YOL087C","DUF1"
"YOL088C","MPD2"
"YOL089C","HAL9"
"YOL090W","MSH2"
"YOL091W","SPO21"
"YOL092W","YPQ1"
"YOL094C","RFC4"
"YOL095C","HMI1"
"YOL096C","COQ3"
"YOL097C","WRS1"
"YOL098C","SDD3"
"YOL101C","IZH4"
"YOL102C","TPT1"
"YOL105C","WSC3"
"YOL106W","YOL106W"
"YOL109W","ZEO1"
"YOL111C","MDY2"
"YOL112W","MSB4"
"YOL114C","PTH4"
"YOL116W","MSN1"
"YOL118C","YOL118C"
"YOL119C","MCH4"
"YOL120C","RPL18A"
"YOL121C","RPS19A"
"YOL122C","SMF1"
"YOL124C","TRM11"
"YOL126C","MDH2"
"YOL128C","YGK3"
"YOL129W","VPS68"
"YOL130W","ALR1"
"YOL135C","MED7"
"YOL136C","PFK27"
"YOL138C","RTC1"
"YOL139C","CDC33"
"YOL140W","ARG8"
"YOL141W","PPM2"
"YOL143C","RIB4"
"YOL145C","CTR9"
"YOL147C","PEX11"
"YOL148C","SPT20"
"YOL151W","GRE2"
"YOL152W","FRE7"
"YOL155C","HPF1"
"YOL157C","IMA2"
"YOL158C","ENB1"
"YOL160W","YOL160W"
"YOL164W","BDS1"
"YOL165C","AAD15"
"YOL166C","YOL166C"
"YOR001W","RRP6"
"YOR002W","ALG6"
"YOR003W","YSP3"
"YOR004W","UTP23"
"YOR005C","DNL4"
"YOR006C","TSR3"
"YOR007C","SGT2"
"YOR010C","TIR2"
"YOR011W","AUS1"
"YOR013W","IRC11"
"YOR018W","ROD1"
"YOR019W","YOR019W"
"YOR020C","HSP10"
"YOR021C","SFM1"
"YOR022C","DDL1"
"YOR025W","HST3"
"YOR027W","STI1"
"YOR029W","YOR029W"
"YOR030W","DFG16"
"YOR031W","None"
"YOR032C","HMS1"
"YOR033C","EXO1"
"YOR036W","PEP12"
"YOR037W","CYC2"
"YOR039W","CKB2"
"YOR040W","GLO4"
"YOR041C","YOR041C"
"YOR042W","CUE5"
"YOR044W","IRC23"
"YOR045W","TOM6"
"YOR046C","DBP5"
"YOR047C","STD1"
"YOR049C","RSB1"
"YOR050C","YOR050C"
"YOR051C","ETT1"
"YOR054C","VHS3"
"YOR055W","YOR055W"
"YOR057W","SGT1"
"YOR058C","ASE1"
"YOR059C","YOR059C"
"YOR061W","CKA2"
"YOR063W","RPL3"
"YOR065W","CYT1"
"YOR066W","MSA1"
"YOR067C","ALG8"
"YOR075W","UFE1"
"YOR077W","RTS2"
"YOR078W","BUD21"
"YOR080W","DIA2"
"YOR083W","WHI5"
"YOR084W","LPX1"
"YOR085W","OST3"
"YOR086C","TCB1"
"YOR088W","None"
"YOR089C","VPS21"
"YOR092W","ECM3"
"YOR094W","ARF3"
"YOR099W","KTR1"
"YOR101W","RAS1"
"YOR102W","YOR102W"
"YOR105W","YOR105W"
"YOR106W","VAM3"
"YOR107W","RGS2"
"YOR108W","LEU9"
"YOR109W","INP53"
"YOR110W","TFC7"
"YOR111W","YOR111W"
"YOR112W","CEX1"
"YOR113W","AZF1"
"YOR114W","YOR114W"
"YOR115C","TRS33"
"YOR117W","RPT5"
"YOR118W","RTC5"
"YOR120W","GCY1"
"YOR122C","PFY1"
"YOR123C","LEO1"
"YOR124C","UBP2"
"YOR125C","CAT5"
"YOR127W","RGA1"
"YOR128C","ADE2"
"YOR129C","AFI1"
"YOR130C","ORT1"
"YOR133W","EFT1"
"YOR134W","BAG7"
"YOR135C","IRC14"
"YOR136W","IDH2"
"YOR137C","SIA1"
"YOR139C","YOR139C"
"YOR140W","SFL1"
"YOR142W","LSC1"
"YOR143C","THI80"
"YOR146W","YOR146W"
"YOR147W","MDM32"
"YOR150W","MRPL23"
"YOR151C","RPB2"
"YOR152C","ATG40"
"YOR153W","PDR5"
"YOR155C","ISN1"
"YOR156C","NFI1"
"YOR160W","MTR10"
"YOR163W","DDP1"
"YOR165W","SEY1"
"YOR170W","YOR170W"
"YOR172W","YRM1"
"YOR173W","DCS2"
"YOR174W","MED4"
"YOR176W","HEM15"
"YOR177C","MPC54"
"YOR178C","GAC1"
"YOR179C","SYC1"
"YOR181W","LAS17"
"YOR183W","FYV12"
"YOR184W","SER1"
"YOR186W","YOR186W"
"YOR187W","TUF1"
"YOR189W","IES4"
"YOR190W","SPR1"
"YOR191W","ULS1"
"YOR192C","THI72"
"YOR193W","PEX27"
"YOR195W","SLK19"
"YOR197W","MCA1"
"YOR200W","YOR200W"
"YOR204W","DED1"
"YOR210W","RPB10"
"YOR212W","STE4"
"YOR213C","SAS5"
"YOR214C","SPR2"
"YOR215C","AIM41"
"YOR217W","RFC1"
"YOR218C","YOR218C"
"YOR220W","RCN2"
"YOR222W","ODC2"
"YOR223W","DSC3"
"YOR227W","HER1"
"YOR229W","WTM2"
"YOR230W","WTM1"
"YOR232W","MGE1"
"YOR233W","KIN4"
"YOR236W","DFR1"
"YOR238W","YOR238W"
"YOR240W","None"
"YOR241W","MET7"
"YOR244W","ESA1"
"YOR248W","YOR248W"
"YOR249C","APC5"
"YOR250C","CLP1"
"YOR253W","NAT5"
"YOR257W","CDC31"
"YOR258W","HNT3"
"YOR260W","GCD1"
"YOR262W","GPN2"
"YOR264W","DSE3"
"YOR266W","PNT1"
"YOR267C","HRK1"
"YOR270C","VPH1"
"YOR271C","FSF1"
"YOR272W","YTM1"
"YOR274W","MOD5"
"YOR276W","CAF20"
"YOR278W","HEM4"
"YOR279C","RFM1"
"YOR282W","YOR282W"
"YOR283W","YOR283W"
"YOR284W","HUA2"
"YOR285W","RDL1"
"YOR286W","RDL2"
"YOR287C","RRP36"
"YOR289W","YOR289W"
"YOR291W","YPK9"
"YOR293W","RPS10A"
"YOR294W","RRS1"
"YOR295W","UAF30"
"YOR296W","YOR296W"
"YOR298W","MUM3"
"YOR303W","CPA1"
"YOR304W","ISW2"
"YOR305W","RRG7"
"YOR306C","MCH5"
"YOR307C","SLY41"
"YOR308C","SNU66"
"YOR310C","NOP58"
"YOR311C","DGK1"
"YOR312C","RPL20B"
"YOR314W","YOR314W"
"YOR315W","SFG1"
"YOR316C","COT1"
"YOR317W","FAA1"
"YOR321W","PMT3"
"YOR322C","LDB19"
"YOR325W","YOR325W"
"YOR326W","MYO2"
"YOR328W","PDR10"
"YOR332W","VMA4"
"YOR333C","YOR333C"
"YOR334W","MRS2"
"YOR336W","KRE5"
"YOR337W","TEA1"
"YOR338W","YOR338W"
"YOR341W","RPA190"
"YOR343C","YOR343C"
"YOR344C","TYE7"
"YOR345C","YOR345C"
"YOR346W","REV1"
"YOR347C","PYK2"
"YOR349W","CIN1"
"YOR352W","TFB6"
"YOR354C","MSC6"
"YOR355W","GDS1"
"YOR356W","CIR2"
"YOR358W","HAP5"
"YOR359W","VTS1"
"YOR360C","PDE2"
"YOR362C","PRE10"
"YOR367W","SCP1"
"YOR368W","RAD17"
"YOR369C","RPS12"
"YOR370C","MRS6"
"YOR373W","NUD1"
"YOR374W","ALD4"
"YOR377W","ATF1"
"YOR378W","AMF1"
"YOR380W","RDR1"
"YOR381W","FRE3"
"YOR386W","PHR1"
"YOR389W","YOR389W"
"YOR390W","FEX1"
"YPL002C","SNF8"
"YPL004C","LSP1"
"YPL005W","AEP3"
"YPL009C","RQC2"
"YPL011C","TAF3"
"YPL013C","MRPS16"
"YPL015C","HST2"
"YPL019C","VTC3"
"YPL020C","ULP1"
"YPL021W","ECM23"
"YPL026C","SKS1"
"YPL027W","SMA1"
"YPL028W","ERG10"
"YPL029W","SUV3"
"YPL031C","PHO85"
"YPL035C","YPL035C"
"YPL037C","EGD1"
"YPL038W","MET31"
"YPL040C","ISM1"
"YPL041C","MRX11"
"YPL042C","SSN3"
"YPL043W","NOP4"
"YPL044C","YPL044C"
"YPL047W","SGF11"
"YPL049C","DIG1"
"YPL050C","MNN9"
"YPL055C","LGE1"
"YPL056C","LCL1"
"YPL057C","SUR1"
"YPL058C","PDR12"
"YPL060W","MFM1"
"YPL061W","ALD6"
"YPL064C","CWC27"
"YPL065W","VPS28"
"YPL067C","YPL067C"
"YPL069C","BTS1"
"YPL072W","UBP16"
"YPL073C","YPL073C"
"YPL074W","YTA6"
"YPL075W","GCR1"
"YPL077C","YPL077C"
"YPL078C","ATP4"
"YPL082C","MOT1"
"YPL083C","SEN54"
"YPL084W","BRO1"
"YPL086C","ELP3"
"YPL087W","YDC1"
"YPL089C","RLM1"
"YPL090C","RPS6A"
"YPL091W","GLR1"
"YPL092W","SSU1"
"YPL094C","SEC62"
"YPL095C","EEB1"
"YPL096W","PNG1"
"YPL098C","MGR2"
"YPL099C","YPL099C"
"YPL103C","FMP30"
"YPL105C","SYH1"
"YPL106C","SSE1"
"YPL112C","PEX25"
"YPL113C","YPL113C"
"YPL115C","BEM3"
"YPL117C","IDI1"
"YPL119C","DBP1"
"YPL121C","MEI5"
"YPL122C","TFB2"
"YPL123C","RNY1"
"YPL124W","SPC29"
"YPL125W","KAP120"
"YPL127C","HHO1"
"YPL128C","TBF1"
"YPL129W","TAF14"
"YPL130W","SPO19"
"YPL131W","RPL5"
"YPL133C","RDS2"
"YPL134C","ODC1"
"YPL137C","GIP3"
"YPL138C","SPP1"
"YPL139C","UME1"
"YPL141C","FRK1"
"YPL142C","YPL142C"
"YPL143W","RPL33A"
"YPL145C","KES1"
"YPL146C","NOP53"
"YPL148C","PPT2"
"YPL149W","ATG5"
"YPL151C","PRP46"
"YPL153C","RAD53"
"YPL155C","KIP2"
"YPL156C","PRM4"
"YPL158C","AIM44"
"YPL159C","PET20"
"YPL161C","BEM4"
"YPL162C","YPL162C"
"YPL163C","SVS1"
"YPL164C","MLH3"
"YPL165C","SET6"
"YPL167C","REV3"
"YPL169C","MEX67"
"YPL174C","NIP100"
"YPL176C","TRE1"
"YPL177C","CUP9"
"YPL178W","CBC2"
"YPL179W","PPQ1"
"YPL182C","YPL182C"
"YPL183C","RTT10"
"YPL184C","MRN1"
"YPL185W","YPL185W"
"YPL186C","UIP4"
"YPL188W","POS5"
"YPL190C","NAB3"
"YPL191C","YPL191C"
"YPL192C","PRM3"
"YPL193W","RSA1"
"YPL194W","DDC1"
"YPL195W","APL5"
"YPL197C","YPL197C"
"YPL198W","RPL7B"
"YPL199C","YPL199C"
"YPL201C","YIG1"
"YPL202C","AFT2"
"YPL206C","PGC1"
"YPL207W","TYW1"
"YPL209C","IPL1"
"YPL210C","SRP72"
"YPL212C","PUS1"
"YPL214C","THI6"
"YPL215W","CBP3"
"YPL217C","BMS1"
"YPL218W","SAR1"
"YPL219W","PCL8"
"YPL220W","RPL1A"
"YPL221W","FLC1"
"YPL223C","GRE1"
"YPL224C","MMT2"
"YPL225W","YPL225W"
"YPL227C","ALG5"
"YPL229W","YPL229W"
"YPL230W","USV1"
"YPL231W","FAS2"
"YPL232W","SSO1"
"YPL234C","VMA11"
"YPL237W","SUI3"
"YPL238C","YPL238C"
"YPL242C","IQG1"
"YPL244C","HUT1"
"YPL246C","RBD2"
"YPL247C","YPL247C"
"YPL249C","GYP5"
"YPL249C-A","RPL36B"
"YPL250C","ATG41"
"YPL252C","YAH1"
"YPL253C","VIK1"
"YPL254W","HFI1"
"YPL256C","CLN2"
"YPL257W","YPL257W"
"YPL259C","APM1"
"YPL260W","CUB1"
"YPL261C","YPL261C"
"YPL263C","KEL3"
"YPL264C","YPL264C"
"YPL265W","DIP5"
"YPL266W","DIM1"
"YPL267W","ACM1"
"YPL268W","PLC1"
"YPL271W","ATP15"
"YPL272C","PBI1"
"YPL274W","SAM3"
"YPL278C","YPL278C"
"YPL279C","FEX2"
"YPR001W","CIT3"
"YPR002C-A","YPR002C-A"
"YPR002W","PDH1"
"YPR003C","YPR003C"
"YPR006C","ICL2"
"YPR007C","REC8"
"YPR008W","HAA1"
"YPR009W","SUT2"
"YPR010C","RPA135"
"YPR012W","YPR012W"
"YPR013C","CMR3"
"YPR016C","TIF6"
"YPR018W","RLF2"
"YPR020W","ATP20"
"YPR021C","AGC1"
"YPR022C","SDD4"
"YPR024W","YME1"
"YPR026W","ATH1"
"YPR027C","YPR027C"
"YPR028W","YOP1"
"YPR031W","NTO1"
"YPR032W","SRO7"
"YPR034W","ARP7"
"YPR035W","GLN1"
"YPR036W","VMA13"
"YPR040W","TIP41"
"YPR041W","TIF5"
"YPR043W","RPL43A"
"YPR044C","OPI11"
"YPR047W","MSF1"
"YPR048W","TAH18"
"YPR051W","MAK3"
"YPR055W","SEC8"
"YPR056W","TFB4"
"YPR057W","BRR1"
"YPR058W","YMC1"
"YPR060C","ARO7"
"YPR062W","FCY1"
"YPR064W","YPR064W"
"YPR065W","ROX1"
"YPR066W","UBA3"
"YPR067W","ISA2"
"YPR068C","HOS1"
"YPR070W","MED1"
"YPR072W","NOT5"
"YPR075C","OPY2"
"YPR076W","YPR076W"
"YPR079W","MRL1"
"YPR080W","TEF1"
"YPR081C","GRS2"
"YPR083W","MDM36"
"YPR086W","SUA7"
"YPR087W","VPS69"
"YPR091C","NVJ2"
"YPR092W","YPR092W"
"YPR094W","RDS3"
"YPR095C","SYT1"
"YPR097W","YPR097W"
"YPR100W","MRPL51"
"YPR103W","PRE2"
"YPR104C","FHL1"
"YPR106W","ISR1"
"YPR108W","RPN7"
"YPR113W","PIS1"
"YPR114W","YPR114W"
"YPR115W","RGC1"
"YPR116W","RRG8"
"YPR117W","YPR117W"
"YPR118W","MRI1"
"YPR119W","CLB2"
"YPR121W","THI22"
"YPR122W","AXL1"
"YPR124W","CTR1"
"YPR125W","YLH47"
"YPR127W","YPR127W"
"YPR129W","SCD6"
"YPR130C","YPR130C"
"YPR132W","RPS23B"
"YPR133W-A","TOM5"
"YPR134W","MSS18"
"YPR135W","CTF4"
"YPR136C","YPR136C"
"YPR137W","RRP9"
"YPR138C","MEP3"
"YPR140W","TAZ1"
"YPR142C","YPR142C"
"YPR143W","RRP15"
"YPR144C","NOC4"
"YPR145W","ASN1"
"YPR147C","YPR147C"
"YPR148C","YPR148C"
"YPR149W","NCE102"
"YPR150W","YPR150W"
"YPR151C","SUE1"
"YPR154W","PIN3"
"YPR155C","NCA2"
"YPR157W","TDA6"
"YPR159W","KRE6"
"YPR160W","GPH1"
"YPR161C","SGV1"
"YPR164W","MMS1"
"YPR165W","RHO1"
"YPR166C","MRP2"
"YPR168W","NUT2"
"YPR169W","JIP5"
"YPR171W","BSP1"
"YPR172W","YPR172W"
"YPR173C","VPS4"
"YPR175W","DPB2"
"YPR177C","YPR177C"
"YPR178W","PRP4"
"YPR180W","AOS1"
"YPR182W","SMX3"
"YPR183W","DPM1"
"YPR184W","GDB1"
"YPR185W","ATG13"
"YPR189W","SKI3"
"YPR191W","QCR2"
"YPR192W","AQY1"
"YPR194C","OPT2"
"YPR197C","YPR197C"
"YPR198W","SGE1"
"YPR199C","ARR1"
"YPR201W","ARR3"
"YPR203W","YPR203W"
